angry,calm,happy,sad
TRMGJNR128F4289D71,TRFNBUC128F930B3B8,TRGBQDW128F934EF1C,TRFNBUC128F930B3B8
TRVHULU12903CB5485,TRHVUFP128F92FFD5C,TRHAOGP12903CDCFAE,TRWPAUK128F14A681C
TRCEHQY128F92F4561,TRIHYYQ128F9312FF3,TRXNXQU128F1497E11,TRKPTMC128F148DDDD
TREDUNV128F42705DC,TRNZOLZ12903CE096C,TRNLZZL128F4229563,TRSEQHB128F422B2B0
TRDHLAL128F423EE08,TRPMMXL128F424185F,TROCACO128F425729E,TRTJBZT128F422B567
TRULFYR128F9342474,TRWPKVB128F421F80B,TRDUKQE12903CCD8C1,TRRQFRY128F4240946
TRXNXQU128F1497E11,TRRWYYX128F424AE72,TRQSYRR128EF357C1B,TREVCJX12903CD7DAB
TRLEFLS128F9319099,TRNLZZL128F4229563,TRFMWSF128F92CF44D,TRPMCQH128F145AD17
TRBAUSS128F425E09F,TRNHFAB128F4233967,TRKDQOR128E0785B0B,TRLZVXI128F92D43AD
TRCMNXR128E0785EC4,TRTJBZT128F422B567,TRQEKWH128F92EA4D2,TRBOVXJ128F1475A1F
TRVGOWG128E0792907,TRLJOYK12903CBB78E,TRSVZUG128EF350B89,TRGVBSF128F426DBCF
TRJCQEU128E0799B0F,TRCJQIJ128F424E329,TRMIRWD128F424AFE8,TRXNUED128F92FD045
TRCMAOP128F92CD5A7,TRSXOFY128F428B7D4,TRPSYPT128F930783A,TRPCKLJ128F428B492
TRMZXKY128F42A20FA,TRYYWTF128F425BAF3,TRGASYC12903CC4421,TRJYPBY128F423E5AD
TROAZXL128E07872FE,TRLNCIF12903CD5071,TRBIURK128F92E2309,TREXHFA128F4260CB6
TRIBHIP128F146E46B,TRMYLEA128F9320130,TRREXFU128F42579C4,TRTTALR128F423A5C1
TRYTMXY128F4282F66,TRHSHES128F1495AD9,TROPNWU128F9341CE0,TRQGKKU128EF34DDF8
TRWCGDD128F933CB5C,TRZTDWS128F423C83D,TRENCAB128F931E096,TRSEKBY128F426B564
TRJPULD128EF34648B,TRBMRKO128EF3554F0,TRPGJBI128F933C493,TRZXXNM128F9354B79
TRNZNXU128F428310E,TRTKFWD128F42423E8,TRSVJRH128F425DAAC,TRSFJZU128F9353605
TRGLDGK12903CB0AA2,TRENCAB128F931E096,TRCHVUN128F427BE6D,TRKOBJQ128F425E2A1
TRBNIWY128F92F4AE7,TRSRAVI128F42636EE,TRIVZLX128E0793EB3,TREZHSX128F4258020
TREMTJW128F92F3390,TRNJNHW128F4277E18,TRMPOEW12903CE78F2,TRQDXUE128F93305C2
TRSZUGY128F4242365,TRRIHJK128E07924E2,TRTNHDJ128F932BAE5,TRKBXGR128F426B20D
TRFYQET128F4284BCE,TRTNHDJ128F932BAE5,TRRCGJU128F930B49F,TRYUIVB128F934AC22
TRZJIAR128F4277C61,TRPAFPY128F42996C4,TRSKIGL128F42482A2,TRMPYTE128F42B070D
TRREPGS128F9336A2A,TRNXUQK128F425D6D5,TRTVQAA128F93116AA,TRSICJB128F92DF4E9
TRFHORP128F424B0B9,TREBQVV12903CB8398,TRCMBPE128F4265A4E,TRWPVNY128F426E66A
TRJYBOX128F428B578,TRGOFKC128F92D03E6,TRQGKKU128EF34DDF8,TRMRFOB128F933BFF2
TRLLXVP128F935E3EF,TRBSBLF128F9335FA2,TRTDBNG128F932E004,TRMGCZU128F4282844
TRVPTTH128F42337E2,TRQMXZE128F9323A92,TRMBHGL128F42AE99C,TRQFGLZ128F14A3B5B
TRBYRVP128F148C9B9,TRSFGYZ128F422762F,TRKXWZO12903CF59FC,TRLMPTI128F92F1AFF
TRESZAC128F92EBBFC,TRGSHFB128F9337144,TRIWEYE128EF35F6E1,TRVFPPC128F931E06D
TRBRAGS128F931B8C9,TRPBEZY128EF33FFB2,TRLASOX128F4273C8F,TRMHBXR128F42553A9
TRTNBRE12903CE858C,TRIAEHU128F42657A9,TRCYQQG128F930FAC8,TRDLLSR12903CDC9ED
TREETLM128F4229C16,TRBMFBN128EF34DA8D,TRYYSCA128F42200D6,TRUNKIT128F932A3C1
TRIMJSN128F933E21C,TRKKUBY128F92F93A1,TROCBGH128F428259A,TRSOJIB128F932E21E
TRYWKUQ128F92CE5C5,TRDQRXH128F42B8415,TRBQCSM128F4250D0A,TRMASJO128F932D9CF
TRENCAB128F931E096,TREZHSX128F4258020,TRVCPGT128F4271DBD,TRAAQTM128F426B6E6
TROTSZO128F9349596,TRDIFDQ128F4261D88,TROUBXL128F930FDB6,TRGSVSO12903CE1378
TRMACPU128F4278BE3,TRLQGII128F9338301,TRCHBBB128F931F510,TRPXBEN12903CE3A57
TRRBQXT128F4288A9C,TRPVOZK128F429C34A,TRZGXGW12903CB101B,TRXKFWI128F4244380
TRSSSIW128F4264630,TRJUIQT128F427018A,TRJWZKJ128F426C709,TRATMRR12903CAFB0F
TRGNWZK128F42960A4,TRORUWV128F42780E6,TRURIKT128F1473A39,TRQIVHU128F422F7E6
TRQZCHC12903CBCA37,TRVTNUC128F92CEE72,TRRUCDF128F932CDD0,TRIUAZO128C71965EF
TRUICSI128F1465967,TRRONJK128C7196DC9,TRNMBDI128F428E10A,TRMGJJG128F422BC9B
TRPUTCA128F9344593,TRFFYFD128F426A0C4,TRGHKLR128F427E8F8,TRXQJEA128F428188D
TRVZPFO128F92DF885,TRPXTFH128F930E70D,TRDTPZW128F93368CB,TRHNUOW128E0786676
TRFXHSK128F427DAC3,TRNFUAE12903CF95E4,TRWPKAG12903CDB0B2,TRTTKCN128F14ACFA6
TRQLGMX128F4266BBB,TRWXUQD128F9312A42,TRICOFM128F42514D0,TRMMDIO128F4234BC4
TRXMNNK12903CC39FE,TRGTHUW128F93152A4,TRYDWZB12903CE0791,TRHZOHF12903CB1E78
TRRJASX128F92EAC9B,TRXHYMC12903CDBB6D,TRESYTR12903CBF09A,TRUENAX12903CDEBE8
TRSZCQX128F4276F40,TRBVBDP128E0782B74,TRLCCOR128F932F47E,TRQSPAM128F423B2C8
TRSEFKT128F932C54F,TRAYQOH12903CD6F2E,TRPSDDA128F428C0E1,TRYWDMI128F92FEE70
TRSTEKG128F9328066,TRKUSFK128F9315469,TRILVOH128F4280529,TRUWBGR128F147EC6F
TRJWLLC128F428412E,TRHVBYK128F9325A75,TRFJLQI128F428E52E,TRRHBCM12903CC555A
TRTVQAA128F93116AA,TRRIKZG128F4281984,TREOTWO128F42AE99A,TRYIMHY128EF35F90A
TRGBBAF128F429559D,TRADCBE128F9301D6C,TRFTZBR128F42635CA,TRJMWSU12903CA71A8
TRVOTGY128F425CD68,TRZAYRI128F931E429,TRGGXCB128F1451719,TRMUEFH128F93379BE
TRJWYLH128F4278A97,TRIDUWR128F930B1B6,TRESDRH128EF365C7E,TRJAFQB128F931F84E
TREXVXI128F426AAA1,TRDFKHH12903CF76F9,TRUHDAJ128F14875F6,TRZASOY128F42818D1
TRPIEWB128F9356BE3,TRGSESA128F92DBA19,TRZTSAL128F14745DC,TRKFGNL128F932A28B
TRICMQN128F42731AA,TRBNTVW128F92F12D3,TRLFRKE128F42775B2,TRLWLLF128E07819F4
TRMCMPB128F423CD24,TRXORCC128F932C7C3,TRMIBGE128F931FADB,TRRZFEO128F9344012
TREFLEK128F428CEF7,TRLCMXA12903D002FE,TRACKXC128F425E92E,TRCRIJB12903CEBC74
TRDXLVJ128F92C7C19,TRVVIME128F92C3B57,TRSTCEZ128F9326539,TRKEKPA128F92F7055
TREQVAK128F9316802,TRCITVR128F42666CF,TROTQTB128F4289500,TRDOMTA128F427205A
TRVBLOK128F429770D,TRBEISL128F931B107,TRHIERG128F422B4C5,TROERIR12903CF98D0
TRGFCZT128F92CFCFB,TRXIDWM128F92F9E66,TRTTKCN128F14ACFA6,TRBKBIS128F147FCF5
TRTINEX128F934FE2B,TRJHFLE128F426551D,TRUFTLO128F423DF34,TRMKTOK128E078513D
TRDFYOB128F429559E,TRRNVFP12903CE8E25,TRPLDUR128F1491A95,TRSLGPL128F93200F4
TRRBDDT12903D107E4,TRTTIYE12903CB25D3,TRNCHDJ128F4276587,TRLFBTW128F9325382
TRERXDE128F92D9498,TREIJXS128F92F1112,TRAXNUT128F4283AED,TRUAEQN128F933CC16
TRUSXEI128F14637FD,TRFZCUQ12903CC04BA,TRYRNFN128F42ACDB1,TRIGOMV128F4293EC8
TROKYPX128F92E20D4,TRRKBZD128EF34E56B,TRWDJZH12903CDAF7A,TROGOKG128F428C60A
TRMNPQN128F92FD298,TRQNCGQ128F426374B,TRNWNJQ128F422F020,TRUDGIP128F427B288
TRZBUXP128F9330191,TRVRBOL128F425E7C1,TRNLFJF128F9316821,TRQAWFD128F424E465
TRFAIDB128F1486E01,TRKCZSN128F42A0C5D,TRQDQZH128E07810AA,TRIRYSJ128F148B709
TRLWVXZ128F146846F,TRTBGPK128F427059D,TRZNRSP128F14A59A8,TRPLSCD128F4255704
TRHWRBV128F4261ECA,TRVNGRD128F9316B04,TRMROTP12903D021EA,TRTHODJ12903CAD697
TRPQXNT128F423E184,TRLRXXD128F42A8EC3,TRLQYJV128F92E5A60,TRSYNCH128F931ED94
TRQVXXN128F930EFC2,TRIJYUI128F932A0FB,TRRROPJ128F4225516,TRMJPNJ128F9305381
TRWGBER128EF356BA2,TRGOSGK128F4293123,TREZUTJ128F4250CFF,TRSMKKK128E0785133
TRARQGC128F425E9B9,TRRBBMK128F92E53DA,TRYVGCX128F1497D88,TREAIWW12903CEAE92
TRUXUCK128F9305004,TRQDQZH128E07810AA,TRCOYVC12903CE3224,TRNQJTD128F428FA2C
TROOMXP128F9319090,TRHDBGY128F425E213,TRXZNVH12903CF5ECB,TRFSVPH128F92FA936
TRAOZAX128F9322711,TRSXVMY128F423EB93,TRXGEJE128F9336321,TRQUMUH128F42665C4
TRMIJKZ128F42161ED,TRMROTP12903D021EA,TROGBKN128F92F88A1,TRUWLXY128F93032B8
TRUAJXX128F1464A5E,TRUJVXV12903CC58EE,TRMLBYP128F145A8E6,TRFJIPC128F14A8163
TRZBYYO128F92E37D4,TREFHSX128F92E4D2A,TRMFBFV128F424AE52,TRBNIZQ128F424E94B
TRKVCKB128F4290200,TRJZQRN128F92EB2BC,TRHEUQM128F92F9926,TRCZJNE128F148629C
TRSZAOZ128F934805D,TRYGVPU128F425C633,TRDGLGU128F4244004,TRTFELH128F9308ED2
TRRBWGN128F149008F,TROENPT128EF3686B0,TRGLTGU128F42807E8,TRWWCKT128F92E493D
TROQUEA128F1460C66,TRCXCNG128F42423E0,TRLAFXZ12903CAB64A,TRRLSID128F4273624
TRTWAYD128F429E437,TRUNWZS128F92E20ED,TRKRKFH128F92D13FA,TRHZWGV128F42B8A8A
TRWXIGB128F92EB52A,TRUVNOR128F1495ADF,TRAIWEY128F932DD45,TRQCBZC12903CDB2EC
TRWYERM128F423F05A,TRCNMKO12903CA4445,TRTIMRA128F427938A,TRDUFDY128F4239B05
TRLIVNZ128F42A852C,TRYZQQE12903CA70AB,TRIBPYT12903CB5C29,TRVRDTP128F424AFE6
TRCSNZW12903CC912F,TROKLML128F425801D,TREVSII128F932E549,TRSLNXV128F9324B0F
TRZQXLY128F92D0465,TRHCSTW12903CBAA16,TRRTWDF12903CCAD30,TRUJDUO12903D121B0
TRCENNL128F42629EB,TRSHQXK128F1476CFA,TROIPGF128F4259CF8,TRIVUQL128F428D703
TRPDUPJ128F147BFBD,TRSTAYU128F4265293,TREKWPZ128F424EF28,TRKOUON128F1496A8C
TREUHDX128F427D027,TRPYKDF128F9316A60,TRYMJZX128E078F53B,TRILUIW128EF34DDBF
TRKQCCI12903CDD71B,TRJEOCX128F14ADADA,TRLQHQZ128F9341F3D,TRHJNUX128F426A981
TRYDIWR128F92D1EC2,TREVCFM128F92D23FB,TROQQWZ12903CD94FE,TRXRBFS12903D0D7D0
TRWGBFV128E079284D,TRZUTSE12903CBAA19,TRXZJDR128F1480BC9,TRQAGJS128E078FB19
TRHBALI128E0799B0B,TRJIAES128F9314236,TRKKYAL128F422BC59,TRIVYYP128F9336888
TRGCXAL12903CB674D,TRKJXLS128F42ACB51,TRDSVYX128F932F007,TRCJBWT128F93229AC
TRNCCGB128F1457E8F,TRHZKZM128EF34ED1F,TRDICNG128F427BE7A,TRXXDUR128F9328CC2
TRKEFHB128F93344EB,TRHTYRP128F93409FF,TRBYGJX128F425C86A,TRZSBBN128F4263960
TRCUUPV128F1456011,TRZEGBF128F93358F2,TRXUPZC128F421BC34,TRIMMAF128E07984C0
TRFDMZZ128F930E5F9,TRIZRAF12903CA7223,TRAQXLV128F425AA4D,TRVVQEB128F4287E05
TRJJBWE128E0786F69,TRFPVXZ128F1469E42,TRMLKYV128F1452ECE,TRWNTYM128F421D9C5
TRGLBFK128F422D9FC,TRBIIFG128F93201FC,TRQUAHZ128F424AE56,TRDQRZD128F146EC07
TRCVZDH128F42843E1,TRTDOYW128F931498C,TRNUVZZ12903CBC7DD,TRAHGRQ128F9307C90
TRNVDEN128E07872FF,TRNPZZG128F92DEA4B,TREUPLY128F9311736,TRTAIGS128F92EAF31
TRGHGLI128F4248834,TROGPFV128F4265FD9,TRBGPCJ12903CA1FDB,TRZBENU128F4286E2B
TRNXPCN128EF345FAA,TRFQDUO128F9319740,TRHVODX128F14B032D,TRCVXZT128F4249708
TRGJWBA128F148B2B7,TRMMBGI128F92D19C4,TREULPU128F930DD40,TRKVKOT12903CCD60D
TRQDXJV128F425BA9E,TRYAKEN128F1495ADA,TRDIXBC128EF36868F,TRFGZSC128F145A9F3
TRMOVAV128F93147E1,TRPJQDB128F932B6B2,TRSWKQO128F93057BF,TROPPCR128F4240DA6
TRXPQMH128F428C920,TRDZGUI128F92F1110,TRZPLXW128F4255F57,TRBAMZX128F146179E
TRQESIC128F9316452,TRSMXGW128F4268A36,TRXFYEP128F427F291,TRKYLUN12903CA0301
TRVATRW128F932805B,TRVJIML128F9316A00,TRKMLGJ12903CD9983,TRCIIVZ128E07957E7
TRWRTVQ128F427C00E,TRVGWXM128F4238E86,TRSIVEQ128F426510D,TRZAKCH128F4281970
TRHNESO128F42666C7,TRLTWLN128F9340E4E,TRZCPHM128F930F62D,TRBSONA12903C963A1
TRAPKKA128F4277C62,TRZRMXK128F4268FCC,TROSTDN128F42783F2,TRHPTVL128F42952D4
TRFYLAS128F9302A8E,TRUQFQJ128F4240A5C,TRTFZXE12903CAF40C,TRIETVA128F4263646
TRBKFNX12903CE8591,TREAJES12903CCA74E,TRPBPBW128F9325FCB,TRTRBMV128F147338E
TRWQPGV128F422D9FA,TRSWKQO128F93057BF,TRISPZX128F9303772,TRXGSGM128F92F29D5
TRDWAUI128F145906E,TRVZXVZ128F931906F,TRJPRHY128F9300FAA,TREJLFJ128F92EA50A
TRHSVRP128F428B5E4,TRZNDZO128F933D209,TRLAKTC128EF365C97,TRPILVI128F423CA3D
TRAQIPU128F145FCA8,TREDVZC128EF34ED20,TRIVERN128E0792815,TRRCDHP128F4234805
TRVSKHC128F93101B2,TRYMKKN128F92EDB05,TRMCELS128F42BA482,TRKCNAC128F14646F3
TRVDIMA128F42AD927,TRTSOLJ128F930D4B2,TRIXUHX12903CB1395,TRVEADD128F42634A2
TRVMATK128F424D6A8,TRDKFAG128F1495AE4,TRJFLDP128F9342D26,TRMBOXO128F4272650
TROTGIQ128F4281EB3,TRYWXYK128F427A18E,TRPZXID128F9354AA7,TRETPOS128F4291B77
TRUSHAK128F92F72F7,TRLKVEV128F9326C5F,TRIQYEQ12903CEA733,TRORODJ128F4272086
TRLWSTL128F4247A30,TRHMUIB128F93342B0,TRKFMPS12903CD4171,TRZUOUC128F933B67E
TRQFEGY128F42AEFB4,TRFQISA128F9339733,TRHNQXU128F9323F5E,TRUWYUB12903CEBC9B
TRGAYXI128F932DF1A,TRNJWKB128F9341EF5,TRFNECZ12903CC5017,TRJDMOX12903CE03A4
TRQXLCL128F930FB2B,TRDGLUE128F42AD058,TRHNDRZ128F92D6A8C,TRWRELC128F14589E0
TRNWFOS128F931709E,TRPJJKU12903CC8160,TRHWJCD128EF33FA15,TRLLAKA128EF34ED21
TRFHDDO128F425589A,TRDFOQR128F428B248,TRKGVMJ128F92DEF77,TRHXINO128F9334F85
TRVPOTE128F4292C91,TRXFWMT128F4279AFD,TRSBSTR128F92FC40C,TROQNHC128F935DDB5
TRMFRNL128F148C236,TRAWIOQ128F92CAA3D,TRKAFYL12903CF2AAA,TRUFVAY12903CB77DB
TRVMACF12903CB23B9,TRAKJBK128E0789A2F,TRKVKOT12903CCD60D,TRQXFVU12903CE1DCC
TRGGLIG128F424E448,TRWFORG128F1464719,TRBZHOK128F92C7CEA,TROIELF128E0780FF2
TRNXKCA128F93138E1,TRUIXCB128F1495ADB,TRFGSXO128F92D14CB,TRKHEPC128F427638F
TRIWEWM128F931C7E2,TRZNROA128F149B624,TRFVNWD128F4270C74,TRQCKKO128F1496D26
TRRTIMG128F931D853,TRSMGAC128F931E2D2,TRPLNBV128EF342A62,TRATCTW128F425BA7D
TRQZOGY128F42B1367,TRLSDFF128F42902C9,TREAHNL128F932D950,TRKQRNM128E0785A65
TRNILNL128F93223AC,TRCWMTK128F9326F2A,TRVUGAP128EF35FA92,TRNLVYN12903CA861F
TRSWTKP128F930E0F4,TRTZNMF128F428D04B,TRZWGLY12903CA4A2E,TRYIWGQ128F92FC2A5
TRWLNBL128F4247F73,TRREGRV128F422B288,TRDOXPW128F930A4EF,TRBJWFD12903CE4043
TRJNWUR128F4236853,TRZDDEG12903D06FFC,TRTDEDT12903CE873D,TRSGZNR128F425F9A1
TRRWVFQ128F427A1B8,TRVBUTW12903CE6C6F,TRHZIRI128F147BB65,TRIVHTL12903CE5C3D
TRYJUIY128F429846D,TRNLFPS128F427027E,TRWKSFR128F92E90C5,TRMHMAF128E078A63B
TRBSKOS128F42B748C,TRRSBNO128F92D9309,TRBSONA12903C963A1,TRUWJVX128F92FF634
TRFLCJT12903CB7438,TRVSVID128F42A0442,TRVKDIF12903D0E6CD,TRTGAQO128F92D5A63
TRWLILF128F1474A17,TRHJLEK12903CD2098,TRZEHHG128F931C487,TRXYNNY128F92ED5AC
TRCJADQ128F4297710,TRNJNEW128F428884B,TRFHALA128F14ACC8B,TRKFLTZ128E0791897
TRGBRMX128E0794D04,TRRMOUK128F4281975,TRTWINH128F9323562,TRGRHPY128F931732B
TRESDRH128EF365C7E,TRQRKDW128E0786225,TRMLZOT128F4282594,TRXELLO128F1469F8F
TRGUJRG128E079290A,TRLQTTT128F42335E1,TRNDIKV128F4284F35,TRIWFMQ128F42B87DC
TRGBNUJ128EF343FBA,TRTFQBQ12903CE0279,TRSIVGD128F1479362,TRVEFCG128F9303667
TRTJCYZ128F930C70A,TROKJKV128F42803DE,TRJQRLW12903D05958,TRFXWWW128F425B3BB
TRIANWL128F426D0AF,TRDHSNN128F930F4C9,TRUDRWH128F4284130,TRZNADF12903CB61A4
TRSYDMZ128F933B48A,TRYSCOH128F4293462,TRTGRRW128F428F419,TRYHICC128F42372CD
TRWYXOE128EF35B2C6,TRRFFUT128E07836EC,TRJDABS12903CE95A7,TRHMQAB128F932C26C
TRXFDBJ128F1499C39,TRXWSYX128F42893D8,TRUINBU128F1477ED9,TRXZJUX128F4231700
TRFJCMY128F4285D9E,TRBUGOD128F421AD47,TRQCQVK128F933039D,TRHOUCD128F4262239
TRMDSBZ128F14A2C77,TRHYKDE128F932E2B7,TRNZJMW128F9319A08,TRLWKYV128F14765A2
TRDWSBV128E0787204,TRWDERX128F92DD847,TRRYRLH128F92E918A,TRXKLLQ12903CFF259
TRWYLCC128F932BB32,TRPUOCP128F92DF504,TROSVMS128F9331288,TRKXWAT128F9320B17
TRGGEBD12903CC053F,TRLLXKF128F9316B02,TRQVSPA128F92CC7FA,TRAYAQK128F930A299
TRRESCH128F9355619,TRYMCVF128F42883CD,TRMSSZE128F14B103D,TRVUUVE128F4237216
TRFVNZH128F42626F2,TRQUHBJ12903CBB314,TRKXLDO128F932D954,TRGLXOR128F92F9D19
TRMETAH128F42625A2,TRNDZJM128F92CA514,TRLLAKA128EF34ED21,TRZAOVS128F92FC2D3
TRNBRDW128E079169C,TRJUQLR128F425A46C,TROHLBJ128F92E7335,TRUSJRJ128F9353C54
TRLLRUF12903CA9126,TRTDEDT12903CE873D,TRUDXCZ128F423ECDE,TREFUHH128F42360DF
TRIFHJF128E07962F0,TRCOLAN128F422F07D,TREQBOZ128F930A879,TRFJQVW12903CC5A97
TRGTSOB128E0785111,TRIFYID128F92E30B6,TRJBZQC128F932D155,TRYYNGI128F93089CC
TRMCCJT128E079251A,TRZAKCH128F4281970,TRPLNHN128F93040C3,TRVNZBL128F428320E
TREPQFC128F1468FF5,TRVJQEW128F42752D5,TRIXESR128F1476F37,TRKLYIB128F146A0C5
TRVTZDO128E07850D0,TRSFAYP128F92C790E,TRKSGBX128F92F274F,TRKBCMK128F93009E6
TRTAMJT128F428F71E,TROZWXO128F931F5B0,TRZACAA128F426C95D,TRZIMHK12903CBB7A7
TRIBVBY128F146C990,TRMYGIM12903CDE15A,TRKRKGY128F146BCDF,TRIOHDA128F932DCAD
TRAAVQX128F932299E,TRYYHYL128F92F8B2A,TRSSJAR12903CD6A87,TRTHVZP128F92F07AD
TRVZHPS128F932ACE3,TRGDHHK128F428652C,TRYLXPP12903D07525,TRNVLRL128F427BC13
TREPMAW12903CE7CBB,TRQTKZB128F149E748,TRYOFEW128F42AE43C,TRVFHOG128F14A255F
TRDEGBQ128E0791F5D,TRSUZOE128F4247CFD,TRPEYZG128F933B035,TRGYOTN128F42372BD
TRCLALE128F4268D0B,TRIFIUN128F9316B0B,TRGJVTT128F42958FF,TRHBFWK128EF345FBC
TRQWPIN128F1482F3A,TRVJOZV128F427208F,TRQLYBB128F42925F6,TRJINSO128F14958ED
TRHQTWH128F4277BCE,TRHABYT128F426726B,TRNUTRW128F1455461,TRWMNNC128F14682DA
TRIOEEY128F1479171,TRUDRWH128F4284130,TRHCQKN128F421E561,TRPJEYO128F930D3FA
TRZHJLC128F428C74B,TRJDABS12903CE95A7,TRASPOB128F4278870,TRNHULM128F425B70D
TRJHUXQ128F14757B5,TRYWSIL128F4292661,TRIDKLU128F93254A4,TRRKTMN128EF34B5CF
TRPKOBS128F9329D77,TREMFBF12903CE84CF,TRRJKYD12903C99531,TRYIMVG128E078BD6E
TRIIVPX128F933E9EC,TRVIVRC128F422AA11,TRVREOB12903CF8A6C,TRFBLBE128F93026F1
TRKUSBN12903CDCC72,TRGMBWZ128F422BB8C,TRXWBGY128F427E67A,TRIAQNQ128F149C28A
TRGIWFJ128E0788D3B,TRKAFPE12903CE0872,TRKDTUA128F42367C9,TRNWJBB128F148A1C2
TRJGSSJ128F42825DD,TRTRPYG128F92CAA38,TRPUJYQ128F42399C4,TRHKCIY128F148B31C
TRZQDSK128F42AF150,TRARLDD128F425E216,TRULRIU128F92E61C0,TRWQQRQ128F42909E1
TRLADKM128F147B726,TRWFADU128F931CD4A,TRKRBHD128F932E857,TRAKAQS128F9302479
TRDOJSR128F932DEE5,TRSXGPB128F4243CD9,TRZDAGG128F426609D,TRGZMSQ128F9348323
TRIIGTD128F427318F,TRNETPW128F933967E,TRZJFHT128F933A5FC,TRTNBOW128F42AD444
TRZRTMW128F1495052,TRLXLNU128F426163B,TRHZGRX128F1480A5F,TRNPKAS128F426A22F
TRGHIYL128F428A4E1,TRSCCFC128F4231BFD,TRJGGSJ128F932E682,TRMKIIO128F428808B
TRAWKUY128F42921C8,TRLLAKA128EF34ED21,TRDTLYM12903CCB1F3,TRNKNUP128F93275F3
TRAWNOE128F421C6A2,TRPDJWN128F421FE1B,TRWERZO128EF366031,TRZKDCR12903CC8073
TRCQRXS128F14565A0,TRLNCOC128EF342E0B,TRPLEXK128F92FFEA8,TRNICHS128F4281C12
TRCIVHO12903CEA89C,TRBUXOU128F145D15A,TRYZBJA128F427685C,TRIHLXS128F4277BDA
TRLNBUD128F4250C5F,TRQTXHD128F4243EED,TRQDPCJ128F92D0606,TRDKITC128F424564F
TRUNYDG128F14916FF,TRDKREA128F426CE91,TRCBSVO12903CE6F98,TRKMSEW12903CE3E1C
TRJZJUD128F145D374,TRMAFYF128F9319892,TRTUZYN128F93425B5,TRIJWXE128F42514C0
TRGITOX128F92CC918,TRIENVK128F425B430,TRVUUVE128F4237216,TRSTHTS128F4296363
TRNOVOP128F42B92DE,TRBLHBV128F148B8A8,TRXRVMD128F1488BEE,TRHJJXK12903CF8386
TRZZSLV128F148B996,TRSHISH128F9337126,TRFLKSB128F423AE2F,TRJABUQ128F42855F6
TRZQAZN128F146F9C2,TRVOFAF128F1458443,TRNBSVO128F931C0E6,TREAWHW128F1468339
TRWOHBG128F4271530,TROYPAD128F9354DAB,TRUSJRJ128F9353C54,TRCPDVA128F1452148
TRGBBJL128F93336CE,TRARBGM12903CC5026,TRGFFQI12903CA473F,TRAPBYP128F9326A5C
TRJAHGN128F92D2378,TRSCULO128F4256B58,TRNJZJL128F932A90C,TRQCPFN12903CC239D
TROSLLH128F146D6F6,TRCFXXN128F933710F,TRGWFAD128F4270A3D,TROADSF128F930EA8B
TRYSFQW12903CF306D,TRFWXDJ12903D00002,TRDZJGO128F4217419,TRYSMQU128F42889F5
TRLOKOT128F92CA0DA,TRXUDJN128F42AC324,TRJYVRD12903CC0799,TRSQCDE128F1460563
TRZZMKG128F92EAC96,TRNKCRU128F931EDD5,TRVJXUX128F4278256,TROPPSX128F92F2235
TREVSII128F932E549,TRKQBVB128C7196AED,TRDZQHY128F932A722,TRSAGTN12903CB2500
TRYGROM128F42A0E32,TREIGPN128F931EDF3,TRZNHFI128F426B6E1,TRDZNDO128F426A87C
TRIXWVU128F424F554,TRYFMPI128F42720DC,TRFEPBG128F9356C6F,TRAFLIY128F9337972
TRXAJZL128F42B77F2,TRRGCFH128F92FCE79,TREDBFN128F93363CC,TRIZMXL128F148D13B
TRZLJKL128F92FFF56,TRFSLOX128F422ADA9,TRVZMFI12903CEA653,TRWWHLP12903CC2F6D
TRLMRRE128F42B3227,TRLGIVB128F933BB7A,TRNQAUW128F930A77C,TRSAWSE12903CD6CDE
TRHKCXN128F9337C43,TROBAKA128EF35EE02,TRVGGAG128F1490072,TRNLXJN128F92DCEC9
TREYKHT12903CAF2E2,TRBYJJT128F4262780,TRBZACU128F9333396,TRQGRNX128F9338694
TRWGNDT128F428EB54,TRSGYFB128F92ECDB4,TRZIMHK12903CBB7A7,TRMWCTY128F4275DED
TRVPYVV128F42857E4,TRPTIYE128F4290485,TRHGFXB128F1496ACD,TRMNJSO128F4281ABA
TRIRMCG128F426CF12,TRCPPNS128F92C3B51,TRFVODL128F92E2A79,TRCIFSI128F424196C
TRKLXON128F931D51A,TRFISHG128F4264CF4,TRNVQKC128F425A882,TRKUCSK128F428313B
TRWMQER128F426A93E,TRUAWAZ128F1451D45,TREFFWE128F423B16D,TRJTNWE128F92FC29E
TRVRFNH128F146F586,TRIMGQG128F92FC2A0,TRFRCRV128F4273B46,TRBKBZF128F147DF9A
TRJMBTR128F4290C28,TRNIFCY128F932985C,TRUMYUV128F92DA64B,TRADLES12903CF2DEE
TRHAHCT128E0792901,TRCIYLJ128F933968F,TRTJWBR128F424BF92,TROKWPI128F9319E59
TRELWBK128F9330914,TRKBDPB128F42A07AD,TRRFICR128F4257C30,TREPNLM128F1484638
TRNTHBV128F146E476,TREAGJB128F9342F7B,TRXJRLO128F92F7E7D,TRFAMYW128F429B8BC
TRJLMKT128F428EDDC,TRCGLOX128F9303B4F,TRFZJKT128F42637D8,TRHUXZW128F9310B18
TRUHXVL128F932A9F1,TRWVDBY128F427193E,TRGNTTZ128F422C2AF,TRBRDMF128F42BC76F
TRDQSGL128F42B9451,TRSRGZX12903CBB8B9,TRPJEYO128F930D3FA,TRQAPIU12903CF3D17
TRJYEAR128F4247E80,TRIWFMQ128F42B87DC,TRBIROE128F428F546,TRWNBFZ128F92EC7D0
TRPUQRH12903CC64DD,TRMOXPX12903CC598F,TRXGUQC128F426CF72,TRRHRBU128F422D108
TRQSXNA128F9306870,TRZROTX128F42720DE,TRPBIBL128F42721E3,TRFZQLX128F14636E2
TRALXIC128F933343A,TRIJRBR128F92CDE97,TRSPLZX128F426348A,TRWWNRL128F9307F28
TRKDIEK128F14A2EDC,TRUQRUP12903CD78E3,TRIUSDL128F14584DB,TRXDVAS128F92F50EA
TRIEFBU128F1466CD2,TRMEIPE128F92DF32A,TRSLWCB128F92FB287,TRXYJIU128F92F8017
TRDNADJ128F93170F2,TRHZGRX128F1480A5F,TRDKQTI128F932F2F3,TRAUALK128F92C5100
TRRNVND128F425CC3E,TRKFBQQ128F92F20E3,TRSFDPI12903CB1468,TRADCYH128F931532A
TRNAUFV128F93091FE,TRMXDGY128EF3542D1,TRGYXQA128F92F8AA3,TRVQKSY128F93003D8
TRNIAFC128F9309C15,TRFNXKF128F1483C6B,TRSQOTC128F9326088,TRRJPIF128F423EFE5
TRQNCKS128F1496B80,TRVMWVH128F93128E3,TRLYUKG128F42640C0,TRPSGJS128F932DE15
TRMMZMW128F427C396,TRYVHIO128F425E20E,TRDTNTP128F1473363,TRSVHGX128F148B2CF
TRAQETN128F4281AE3,TRTORQW128F146696A,TRHIPBL128F9301EE7,TRVCTLB128F4288FC9
TRAQVMW12903CC8BD9,TRGCBRJ128F42B8410,TRALOBT128F14762F8,TRAOFUT12903CEFFC7
TRKCCNI128F92F0FFD,TRCGKYD128F428B919,TRXJLBQ128F4262E96,TRFHXXZ128F9352D08
TRFPDMG128F424F54D,TRWJBWI128F428A3C8,TRRQJAR128F934502B,TRRWMGR128F424FD02
TRQIAJR128F424F1E5,TRGFFQI12903CA473F,TRJCDMR128F9326530,TRYVRZC128F429D4BB
TROZKPM128F42840FD,TRMEKXL128F421A5B8,TRUSHEK128F92FA8BE,TRURKQY128F92C567C
TRDFWDU128F4284BA8,TRHUMGK128F92E83B0,TRLQRLQ12903D05DFA,TRASFKR128F42825CD
TRDCQKB12903CCBC5A,TRRVRWV128F92DEBB3,TRMPKSA128F92FC405,TRICRHS128F421D3B2
TRJEPPD128F147262E,TRIZSQF12903CE4481,TRGTLDT128F42482A8,TRQLRCF128F4236EF2
TRZXOIG12903CEC46A,TRCHUEK128F92F2DBB,TRHPEZP128F92E8853,TRBCJNV128F14944F6
TRLRBLB128F425EC8A,TRDZJGO128F4217419,TRZIDBL128F42670CD,TRERFSI128F14A3B58
TRFCNNQ128F92F3AB6,TRTPXSJ128F934C2F1,TRPVGEV128F145D15E,TRUBMGF128F93171A7
TRYZCNN128E0792909,TRYCUWT128F42A0C54,TRBHUPG128F931EDF2,TRQVYHH128F9336871
TRQJXSF128F42A991E,TRDXPAZ128F931BFDE,TRZUURL128F4260A03,TRPQWTR12903D11CC3
TRNZHVQ128F429C56D,TRRUQPS128E0795141,TRXAMFQ128EF343239,TRXCIEE12903CB44C9
TRCIETY128EF35B836,TROQNJU128F931B5E9,TRSAYJI128F14A919E,TRQTIYH128E07836F0
TREKVZM128F4298B23,TRAUABF128F9351AE4,TRYXLQL128E0799B0D,TRLFIFA128F422D785
TRYLTDW128F1456ADB,TRTUMLG12903CC084F,TRGFBBH128F92F40DD,TRURCFU128F147BE47
TRNBNBL128F4264B26,TRCXHAV128F14875F0,TRGNHWJ128F9304A36,TREEDAS128F424AFF4
TRNHMLD128F428BC6C,TRYFDLZ128F42720E6,TRSKASM128F932D217,TRUONAC128F428ECFF
TRBSTGU128F92F78F2,TRTKKAG128F427BADF,TRKCBFZ128F4266B76,TRNAWIT128F4221527
TRUFMDZ128F932C771,TRYWLLE128F9315008,TRGJKVU128F14A9299,TRZFXIP128F92C7F83
TRATAXN128F4267A14,TRVTQBW12903CDE05D,TRYHKPY128F423EFDD,TREXIWC128F4298835
TRQYPTS128F92DF2B1,TRLNWMU128F146E29B,TRFOSCR128F4243D85,TRYCQOR128F149BAD1
TRIVUID128F4265622,TRSZPYT128EF351C53,TRIKBRC128F934D788,TRFZMNY128F42625F8
TRDJHFR128E0798B72,TRPAJAL128F428D719,TRHBPAZ12903CE4381,TRFYZOA128F4241A8D
TREXMGS128F92E3BDD,TRDJYMS128F9317DFB,TRJCWGS128F428B4F6,TRKJTFR128F930D521
TROSIVX128EF34988C,TRKENBJ128F425B50C,TRRXYOM128F428FA2D,TRUVRUY128F426E2A5
TRWDIPF128F42AAC5A,TRPPFQS128F42AAA4E,TRYDEWA128F14557F9,TRWCHOX128F425A79C
TRYDCIC128F42386FC,TRZDWUM128F92F1923,TRPWPUV128F92EB0BC,TRXCKNL128F9316AA7
TREQRCE128F14A67F8,TROELQI128F14A4954,TRIQUHO128F427EBC8,TRGHACB12903D071B0
TRUADMO128F14A35BB,TRDTLWA128F429F917,TRJKLFR12903CF5B26,TRXLWFX128F4255C26
TRGXRGW128F4216269,TRTFGMK128F421A894,TRIMNRC128F426560B,TRIJJOZ128F931B3F5
TRQNOWA128F932B9BC,TRMXPLP128F427FF9D,TRVGZZZ128F92E1750,TREDOTA128F4262CA9
TRTTZEE128EF35447E,TRRFICR128F4257C30,TRBYKPG128F146924E,TRRSWQP128F426CB84
TRSVRRI128F9339A0B,TRKBRMS128E0780FB4,TRCYWKQ128F92F9446,TRFRYQY128F148FEE5
TRIJNKS128F14A8D08,TRDDRFL128F92F45A5,TRFQOBK128F931ACD6,TRYTZGB128F14A3B5E
TRSUUGT128F4223009,TRFHJIY128F427D4C9,TRAWIBB128F427C635,TRWFYOK128F422B0BA
TRDBAQC128F42797F8,TRABCJL128F426C3C1,TREVZTC12903CE956F,TRPUWAG128F146CA05
TRKJBIV128F427B334,TRPXLSW128F92F2785,TRAPBYP128F9326A5C,TRQFGZT128F4250A6A
TRSHUPY128EF35D621,TRIUSDL128F14584DB,TRXOJFG128F4218986,TRKYNAH128F934C975
TRQJQAV128F427C012,TRRUVOJ128EF34ED25,TRCWQKG128F92E3608,TRNSYPW128F14653A8
TRECAEW128F422FC18,TRGEMQK128F92F9B23,TRDWDRZ128F9301917,TRWXFGW128F148B6F2
TRMJPGO128F932853B,TRQYENN128F930F9CB,TRJJYHB128F145ABA9,TRGTRIV128F428CD03
TRHQYKZ128F1474A18,TRQKLUX128F9324020,TRJWXMY128F42376B7,TRGYGDZ128F4286B3C
TRCCRFR128F92FE2EC,TRMBXDO128F92C4538,TRGZZAM128F92E1522,TREKUNO128F428A495
TRNJJXH128F4273B36,TRMHIQA128F4258618,TRTPIEP128F14A929B,TRUFRGP128F92FC2A6
TROAJGA128F147C610,TRXFEQF128F42AB559,TRVTJTS128F1490E0C,TRNLGHH12903CBBB7A
TRRSCDU128F42442B0,TRZKWZN128F4281AA1,TRLUGCM128F42748C8,TRPICMI128F147E922
TRZEEJH128F92D81B4,TRVIGOF128F92F1DAE,TRBRNPP128F92F0261,TRHGOBC128F149C0DE
TRIKLDP128F427207F,TRAGMWF128F42625AC,TRTSIMH128F4277782,TRXUXBJ128F428C2AC
TRBVNGL128F93097FC,TRDPYDR12903CB73A3,TRPNIYV128F931B9B3,TRFZBCG128F146BDDD
TRXDCXK128F92F38E5,TRQAJOW12903CDE05A,TRCUYFT12903D10495,TRUMVKF128EF34ACFB
TRVBINQ128F422DAF1,TRKGQEN128F42766B5,TRGAZSJ128F426D4D0,TRPPOWB12903CB0486
TRWBUCU128F932A3B5,TRNCLWT128F4270278,TRTDHRD128F428188F,TRMSFBO128F92D28DD
TROOWAK12903D056F2,TRRGQFR128EF34DA89,TRQNLUK12903CCE56F,TRAXDRW128F428A030
TRONKLN128E0781BAD,TRXXMVK12903CF744C,TRUQLCG12903CC5630,TRXHYHF128F14B0621
TRQEKKA128F4263CE5,TRYKFZK128F4280798,TRHRIRT12903D054A8,TRQOVTS128F9312131
TRHTJOJ128F9329B62,TRXOOHR128F427F124,TRKAQUM12903CFB569,TRJNWYX128F9350C01
TREKHAO128F42B9044,TRQCTUQ128F92F27E3,TRHPMNT128F4227D7F,TRXILKW128F423BCFB
TRAQPSB128F93190A4,TRPVGEV128F145D15E,TRRHNPJ12903CA35F9,TRHBVPF128F14A5A7E
TRGJUXP12903CC5B2B,TRPNETT128F426A0C2,TRPIUTX12903CE750D,TRXJTMC128F423D944
TRJAQUQ128F426757B,TRIHXLY128F1481A70,TRHYNVB12903D15D62,TRLUHIZ12903CC2468
TRLQABP12903CBBF32,TRXAYTS128F425520C,TROSUWW128F9312062,TREBDSV128F4263BA8
TRGYNEO12903CA8432,TRVISIU128F428D029,TRFGIYF128F42A34C2,TRDTURB128F93227D0
TRPLCFB128F1480705,TRXZKOW128F428079A,TRBPJPK128F42579CA,TRIBFMB128F42356F5
TRNOAMN128F42790AF,TROMBSA128F42B0883,TREBOLZ128F930D3C2,TROUDRK128F4226D2F
TRXJTPO128F92EA895,TRRPAKU128EF34ED22,TRMWCTY128F4275DED,TRSMDEV128F4281894
TRQEHVB128E0792523,TRVPHBS128F4278533,TRCRKVW128F932DD28,TRFLPCU128F93009C9
TRBWMQT128F931A65F,TRXNCXJ128F933E5F3,TRLEGUZ12903D00465,TREBZRR128F148AFFD
TRYCWFC128F4236AF6,TRZLIYM128F146E8D7,TRJODWD128F92E7A21,TRVTOVQ128F425A23C
TRGCWTF128F4295702,TRJYFRO128F4250DD7,TRATKTI128F92FE42F,TRIFZBT128F4267C77
TRUQIHT128F93170D2,TRGJKVU128F14A9299,TRAYHYE128F92C21F9,TRTQUZF128F14537BC
TRTCNYW128F4236A4C,TRSRPKS128F9304610,TREIMYR128F426F727,TRFILDX12903CA725B
TRIAQSC128F932EDCB,TRMYIPB128F148A1AB,TRPMCAQ128F9316BF2,TRTDBFY128F426BD65
TREQWVJ128F42819EB,TRSNCPY128F930F386,TRRHHMY128F9330259,TRYEHED128F14B0504
TRWPNAB128F149569A,TRKSPXS128F425863E,TRPRBHP128F423EA5B,TRWXFKC128F42656D0
TRGTLNK128F422AA4E,TRNQKZI128F9337BC7,TRYMQQM128F932B0DD,TRAFYSK128F429BF92
TRHQOWS128F1467F00,TRUHYYG12903CE111E,TRVQTBQ128F92E4C2B,TRWDKDC128F4240EFE
TRSSOFL128F92CCD46,TRRUUAO128F42660CD,TRIHZYR128F92F9A86,TRYACKR128F423C25D
TRTRDGB128F92E71A0,TRJOMGE12903CBC482,TRAXJGG128EF3686D7,TRVYOCO128F421A4E9
TRFADBC128F931B8A4,TRAQKHP128F935668A,TRMFOJO128F427E809,TRTQFBH128F42AA45A
TRAZIDL128F42ADC1A,TRGGNJX128F1491D1D,TRMSPFP128E0781BB4,TRMMBQL128F42620F8
TRMOBWZ128F92F23F7,TRGFQVL128F92FC4CA,TRLHPWW12903CC5480,TRNQVFI128F92F6129
TRYPKHL128E0784215,TRLXQOL128EF367155,TRZBFGI128F4213C1D,TRCJUAZ128F14A8E86
TRFSNSS128F423B559,TRYDVIX128F93382F8,TRGQFRY128F423E5BC,TRNYNYC128F9317344
TRSHPUU128F4285ED2,TRUNRES128F42848B9,TRHYHNU128F932E63A,TRASIJO128F4258025
TRIEIPU12903CB530C,TREZURS128F4270F30,TRMGDCU128EF340ACB,TRREZUX128F425F108
TRELKOJ128E0784783,TRCUJAM128F933D80C,TRNKAVD128F92E5A6A,TRVTIIY128F92F671C
TRBVQMF128F428A6CF,TRIDMLB128F42762D9,TRXVNII128F42889CC,TRYVREN128F149F6B1
TRFAZCT128F4260C79,TRHOBUB128F425B42F,TRTODAS128F92ECA19,TRXRNBP128F933A356
TRSCUUU12903CDBCBD,TRIWEED128F423EA43,TRYBXBG128F426B224,TRMOCAN12903CB59DC
TREPGLX128F425CC3A,TRKIWEP128F92F22E7,TRVCNBG128F422F1AC,TRCNAOI128F92F8020
TRIPUQV128F422D9F4,TRNXLQZ128F93274FB,TRTSBPD128F92C6859,TROPKSE128F934E452
TRDNSBM128F931A0E1,TROEUFA128F93134C7,TRPPSJO128F42512FC,TRCWIQM128F14739C1
TRKBBAJ128F934EC6C,TRSCFAO128F4280CA8,TRTTWQO128F92F8964,TRYBNAQ128F1474D6A
TRVEUHL128F93337F3,TRQCBLN12903CAFC0E,TRJUHII12903CDF970,TRRUDLA128F92FA341
TRMDHIT128F93111C6,TRIYSZQ128F4282DDD,TRKWEPY12903CFCC55,TRBCQZW128F9317FFD
TRVHPCM128F1474A13,TRHJQBE12903CD5095,TRXNZAX128F9322137,TRHBXTU128F92DE954
TRXVDHA128F42B1354,TRGWEGS128EF352466,TRTSRXR128F92CF998,TRRDFRX128F4230A01
TRWZLDF128F931A117,TRNGFXB12903D0CA90,TRRGQGU128F930F69A,TRTHDWC128F423EFEC
TRLOWTL128F9322F96,TRIKTXN128F42A079A,TRDVTZW128F92E2106,TRRGGAS128F425B1D0
TRFUAHT12903CA9125,TRKQEPA128E0793B4C,TRQECKR128F4265FF9,TRLLVWF128F93593C3
TRLIFVI128F14A45C6,TRZHHDL128F425E217,TREWKEF128F1497EA7,TRBIRGV128F429564E
TRPYCNL128F149F5F0,TRWPEKV128F147A2AB,TRNXOLU12903CF98D5,TRSMKPF128F930CFE5
TRYSEBZ128F428CCF2,TRHVCKG128EF3660B5,TRZPZUU128F428A6AF,TRABAKX128F92C1D3D
TRLEINN128F14B042F,TRCYVLA128F92F6E05,TROTLHZ128F42730D2,TRIVZOY128F934B041
TRBWBYD128E078E2E6,TRCVWDN12903CBD610,TRJVDXM128F931ED7E,TRUZBCX128F427EAF4
TRPETNP128F4263884,TRNITDG128F92D9313,TRXFXWJ128F424BE58,TRNAKYV128F427C9D4
TRQQVBJ128F931035B,TRFQWME128F932E2B3,TRKGMOK128EF3455D0,TRMRGHN12903D07DCC
TRFTVGG128F4277087,TRPMMVN12903CC8457,TRALQDV12903CD4FA6,TRKTNOY128F14983E3
TRCDNZB128E0791CCB,TRNNLQK128F92E8E4D,TRYQJCK128F93448CA,TRVLKHZ128F93130C5
TRFJBGZ128F4289D55,TRQFQSF128F421FE11,TRKKWYD128F4244F99,TRJLDAH128F147A2BC
TRBWCMM128F92E3642,TRNFKGC128F931BFDF,TRZJOAD128F92DB127,TRQZVRJ128F149EB20
TRPUOCP128F92DF504,TRQAPKJ128F145398E,TREUSHR128F42671BE,TRGLOFR128F92E2BB4
TRJIDEO128F93101B0,TRGDXRN128F9345475,TRUMDNC128F424C6FE,TRRNNLM12903CE30E3
TRHDTNR128F42A204C,TRFUKER128F1484F60,TRCMJSB128F92CFA3B,TRPOFTC128F42AEA4B
TRRRYBV128E0793857,TRRMVQN128F92FA06D,TRGNHVQ12903CECBBF,TRDTZBI128F42278C3
TRFZIYU128F931F2D7,TREZSQG128F9341148,TRRHGZJ128F4238D4F,TRXPCCB128F42A34C4
TRJGPPF128F4265B3A,TRJCJLB128F92F9E6D,TRSTWEN128F1477742,TRXMDEM128F92FF00C
TRLNDQK128F92FBD36,TRTRRCX128F4291C41,TRHICHF128F92E6582,TRRKQFI128F92DA6FC
TRDJPVK128F427E9FA,TRESQLQ12903D11E15,TREXNJU128E0781F37,TRTFPML128EF348D1C
TRWLZZE128F93360CE,TRDKWRZ128F42B2E69,TRGYPNU128F429085E,TRAKDBM128F930362F
TRCIIVZ128E07957E7,TRRVQBJ128F1495155,TRLHEQM128F934B54E,TRQHRYC128F42815F2
TRVCQGI128F147BFBC,TRIXMDJ128F428E977,TRTXMKD12903CB4F64,TRSTFXT128F9314C02
TRPVZEI12903CC912D,TRUYWVD128F933715F,TRIXXTX128F42990C8,TRZIOJR128F149183E
TRYHFWX128F92FB03B,TRLPYEW12903CF89F7,TRNEEHS128F92FBAD9,TRAPZWN128F425C833
TRUJLQN128F427D6B7,TRBLJYP128F42338A6,TRDSJNU128F933A2EC,TRXFDGE12903CFDB51
TRHNNMX12903CCDF10,TROCULB128F427273D,TRGZAAR128E07993E8,TRPBEZY128EF33FFB2
TRHPTVL128F42952D4,TRBEENY12903CFD0A9,TRMZBDL128F4287FAC,TRFAIDB128F1486E01
TRGSWQN128F424BE00,TRVBFDX128F428B147,TRUTFUF128F932AAA8,TRYDDBZ128F92F93E0
TRBFCTM128F932B189,TRNZVPH12903D0CB81,TRWWDCU128F424F26A,TRSWOHO128F92F066F
TRRFQVY128F933CB5D,TRIMFGB128F424E2E5,TRZRDOZ128F149FAC9,TREUNXE12903D0843D
TRAPLIM128F4261ED0,TRXZDJF128F425B433,TRVIMOL128F147F996,TRXRWZV12903CDB2F8
TRJTPMU128F14A59C8,TREBERT128F424BE5E,TRBDDTT128F4291192,TRBSQDP128F1466C83
TRFLECQ128F148B86B,TRARHAW128F145D159,TRRQWCG128F9329C06,TRYSGKW128F92FD046
TRONFYY128F4277C57,TRTQKYX128F92C3B56,TRHKSKR12903CE60FB,TRJCGZL128F422F215
TRJCFPJ128F148C9BE,TRZXVEY128F1495AE3,TRZDCNJ128F9366E5C,TRNEWXU128F421A8C6
TRBSLKV128F427A037,TRFMOMM128F42722F6,TRNAKWC128F930AE9A,TRDFKHH12903CF76F9
TRCVAAD128F4236837,TRIASPX128F931D96F,TRPPIBK128F93498DF,TRUOBKV128F4259FE7
TROMCPI128F4276E37,TREVCOD128F42B91B3,TRHSMFJ128F424AE4D,TRVNMCU128F9339866
TRLGPPQ128F426B1E9,TRCHDYO128F933D8A9,TRCSQWG128F42702B4,TRAEIKW128F1456B1A
TRXOGWH128F426EDDE,TRZYGNI128F14676A3,TRLJFZY128F14637D2,TRFMXMY128F427D793
TRDOWOJ128F1474548,TRKNRFC12903D00145,TRLLXOO12903CF122E,TRZLHFW128E0788A73
TRTUQIW12903CB742C,TRJKLSN128F429C69B,TRYZSXB128F9314CF7,TRLTRGN128F428B7D8
TRMTAHB128F9302A5E,TRPRAKX128F42620F9,TRQOAKL128F1467653,TRUNSIT12903CFCFAB
TRITUQR128F148C9BD,TRMTTNB128F42BC9E5,TROQVNU128F42B3D25,TRAPHSY128F4266893
TRKEKSG128F931C299,TRACRVI128F92D405C,TRFECUC128F429F70B,TRHIDYT128F428724C
TRSMSMZ12903CB774B,TRLUOPP128E0782AFF,TRSROIX128F148CCCB,TRTANNW128F428C07E
TRTNTUF128F42807DE,TRYPYFT12903CD8C06,TRLKEHS128F4263BBC,TRDLWBG128F9303243
TRFITCD128F4274893,TRGRIWL128F423C8FA,TRVMEIL128F1482BEA,TRPKQSM128F92F9D1A
TRRMGTK128F92F8F52,TRDPJQB128F145A9FF,TRIMVHR128F42A4552,TRRBEMF128F4270F82
TRZUEVX128F425F7F7,TRADPSM128F92F5744,TRJLBRC128EF342BD2,TRBGYTF128F422F519
TRYWSIL128F4292661,TRZQLQF128EF34DA8E,TRGWQGW128F92F03AD,TRJQBQP128F4244DBF
TRUDPJZ128F429232D,TRIPARR128F4263732,TRJXWSK128F931E3F5,TRRINPD128F147CC3C
TRHAFNF128F422F83D,TREXHBK128F9312A37,TRXHVUU128F931BE14,TRZACXC128F424E01E
TRPXGDZ128F932C719,TRRRQSE128F9335246,TRSTOWO12903CF51CA,TRPWRZG128F421F819
TRNPMMT128F426F3AA,TRPAQGO128F931D9E6,TRJPPUU128F9313934,TRWXTIK128F933686F
TRKBUDY128E0787363,TRVRFJM128F42666C7,TRGCFMF128F14557F4,TRGCOPO128F92ED8C0
TRBLBKX128E078CF9B,TRTECDG128F4231C00,TRYAGXV128EF34DEFC,TRHFFAV128F930E7A4
TRPGNVL128F423ED58,TRRBUVF128F92F2D90,TRYDDEI128F932E0CA,TRGDDBI128F145A47C
TRRSHMF128F930AF91,TRKDTGN128F424EE14,TRHTOTG128F1464F32,TRHYUEO128F1480C31
TRFVSHL128F425DAA8,TRBONSJ128F14B0715,TRUNXEL128F932CBA2,TRCFCGG128F1463B51
TRMWPDF128F9302FDA,TRWHXID12903CD50B8,TREHIUK12903CE9360,TRBPGYR128F9319405
TRRNXEZ12903CBBF37,TRVAJPE128F4263C2D,TRPQEZH128F1481305,TRZRTMW128F1495052
TROXSFG128F92FADC7,TRHRYOA128F425739B,TRIIHDM128F429313F,TRPRIWV128F931679D
TRRMFNG12903CC0A02,TRPICUS12903CDA64B,TRXFSFN128F1472291,TRWMUOQ12903CB9B72
TRWFJVX128F92FE7F6,TRYNGTA128F4252F14,TRBHPRA128F93005C8,TRLRFMC128F429B857
TRMFFTC128F422C1E9,TRBKYRN128EF3590B4,TRUTMEW128F427C2D2,TRODEYS128F9309C36
TRGEEOJ128F92D9602,TRSFDWD128F423BF84,TRUIOBB128E0781F34,TRROXCK128F149BD70
TRYFYVD128F934EB86,TRSGMDR128F429F666,TRNSAJW128F92FC105,TRHFSCM128F931FADC
TRRAIRM128EF3423AC,TRVZMIT128F146499E,TROHJOQ128F9311141,TRUKTMC128F92D23A9
TRLXLNU128F426163B,TRRABEH128F42ADC78,TRXUEMT128F4236CA6,TRPYKDF128F9316A60
TRLGUDW128F425BCCE,TROTLAZ128F93244B4,TRJOZWP128E0789942,TRDUNFG128F1464238
TRFKQKM128F9310333,TRDSBVY128F148D6BF,TRJQPDI128EF367616,TRWIQSQ128F42B8A7F
TRHHEYJ128F1473AE9,TRIGUAV128F9323CCD,TRCMCIQ128F1469923,TRIEJCM128F92DF37A
TRCUKHW128F425A820,TRNIGIS128F93235B7,TRXUXBJ128F428C2AC,TRRQKXS128F92FE8B0
TRXQNDI128F42376BD,TRMQJDV128EF34C256,TRPERAV128EF34C102,TRXAJZL128F42B77F2
TRFEKXH12903CD75AA,TRIFNNA128F428593C,TRSXDQN128F4268A5A,TRMQQTP128EF344246
TRBYNYE128F4247E77,TRYMKIV128F42620E5,TRIHOHL128F4273516,TRJBDDI128F932264C
TRKXOZW128F4241730,TRXJKJH128F931D012,TRNPQPJ128F92FA80B,TRTKCED128F4277004
TRNLSNT128F4225AE6,TRTWIGM128F14A38DE,TRKCGEZ128F424AE51,TRIZHVT128F426F934
TRYFVJA128F423C8FE,TRTXLAI128F1495ADC,TRTVYPB12903CC14BD,TRGNCYD128EF351B9E
TRILOKB128F148C9C0,TRBVGPM128F4267587,TROCQYR128F4255F4F,TRBXFUR12903CB042F
TREXRIW128EF3434B7,TRDHCQV128F425E20D,TRATJBD128F4263C26,TREHQQN128F148FEE3
TRZTHGF128F93228C2,TRFQFAF128F4252358,TRYRSKE128F42A2DF0,TROJIBO128F42675CA
TRVBZOM128F42633A6,TRRPEXE128F4268BE3,TRAFYSR128F422A7BE,TRZAHZA128F92F94CD
TRSVLBP128F148CFAC,TRNNHFG128F14A452A,TRLVWRY12903CE9E5C,TRVVFAN128F428AADF
TRLYDTQ12903CA12EE,TROCKRC128F930287A,TRTXOPJ128F424E699,TRMTFHJ128F9308F2F
TRNDVWU128F4281282,TRXLWFX128F4255C26,TRSBNEE128F1477B2B,TRWOBOV128F933D8EB
TRTSFNR128F42884F4,TRYTRLB128F9320064,TRMXKSC128F92DFDEE,TRKRQCS12903CF809A
TRUVTGX128E0790D42,TRMEGUQ128F92DF2C7,TRLJAAF128F42881EA,TRDMHPN12903CC032E
TRFZTAD128F92D1D02,TRUFZYP128F428E67C,TRSIXUQ128F1491507,TRAQVOG128F9340E58
TRCNWRZ128F422BA03,TRJLAWX128F421449F,TRUKUMK128F9312ADF,TRFRZYK128F42387C0
TRRDINQ12903CB2DBB,TREVDBS128E0781449,TRPJCCR128F42B7AF7,TRCAOEF128E0785A68
TRESKDB128F42627C8,TRSXNZJ128F4269E70,TRMNAJX128F42509A7,TRWNCFE128F426DE63
TRTYPXQ128F92F6CE2,TRBFLBD128F932718F,TRJEEOU12903CF892C,TRGFSKH128F424879E
TRKDQQF128F92E889F,TRTAEGX128F42466E9,TRLGPTF128F428B77F,TRGONYR128F931EDE6
TRXADZU128F93357F4,TRARWQN128F4260EA6,TRYYGNK128F42AA7E2,TRQDQUN128EF367142
TRMMUXO12903CDAEDE,TRQZDDA12903CB4545,TRQJLQN128F422DCEF,TRUBWDT128F9300049
TRBJNQN128F423EADE,TRCQUMB128F148A2D8,TRCZDOB128F92EE691,TRATFOL128F93497FA
TRHSSDY12903CFF7AC,TRXXHVX128F42174B4,TRWRQBS128F1497D85,TRWZLJM128F92DE980
TRBLHXX128F9337856,TRFKFWG12903CC8450,TRCPVIE128F42BAA43,TRJJNTZ12903CC2503
TRLXZVC128F424305B,TRZIJIJ128F429B9C9,TRJXCIG128F14856DF,TRNRICA12903CC4299
TRRUVBN128F9353C16,TRISOQV128F92F573D,TRSVDEL128F92C4945,TRKVRIV12903CC70C4
TRZLNPZ128F92F96DF,TRPSHRL128F1460B70,TRMSQUZ128F4249575,TRATPSI128F92CBC4A
TRZNRWG128F1466EC8,TRSMYHA128E0781ED7,TRUFJUS128F92DC803,TRMDJBG128F934F00B
TRTZSTZ128F9329881,TROIANT128F428B7DB,TRUGOBU12903CE8979,TRAQPSB128F93190A4
TRDEOMU12903CA834F,TROZRLQ128F93116A4,TRXTCUT128F421B7CA,TRSZQZW128F92FC2A7
TRNQAUS128F42AF46E,TRAFYOU128F92F9E6A,TROSCOI128F92D2C2B,TRTRZRN128F93501C6
TRQVPVM128F425BCE5,TRWIIJG128F930EAF8,TREBZRR128F148AFFD,TRVMCTH128F9319F52
TRSGYFB128F92ECDB4,TRBXTLM128F428B7D6,TRUZLDQ128F92F8970,TRUOVND128F42935BA
TRVDLJU128F92E7FD6,TRMKNKK12903CF85A2,TRSIARF128F14A59B4,TRKNSYC128F1499DFC
TRBHHLT128F933BD5C,TRLNZRW128F1467F04,TRXPAFX128F9318917,TRIYPXG128F42948E9
TRPOWJG128E0793CFF,TREOZCL128F422A56C,TROVKVY128F4240F77,TRFSLDV128F42BCEAD
TREYGRZ128F92DF2E7,TRKDNZR128F424FA4D,TRPDKSF128F92D7F25,TRZLVOI128F932D47A
TRKZJCX128EF344091,TRYKRQZ12903C989DE,TRZJVFF128F4250CDF,TRAZNWK128F92DB7F2
TRBOVWD128F93218F6,TRSXECY128F930F9CC,TRTOCGZ12903CC5073,TRSAEVL12903CE42E2
TRSTDRK128E078FB5F,TRERPNV128F933A345,TRRHSNP128F9340F9B,TREEXON128F428B541
TRZCUWL128F4283F53,TRATJBD128F4263C26,TRVKBQR128F9305148,TRQOUNS128F1493B76
TROTZZN128F424CD0A,TRRSIBJ128F92FC829,TRVQVNW128F92CB769,TRFCFTD128F42BC2EC
TRFIQWZ128E078FE73,TRTSCER12903CA906E,TRQTODK128F934BF02,TRYDNWZ128F92C3BBC
TRSHVHB128F14AAA11,TRNBTML128EF33FF52,TRQCGXT128F145C50E,TRSDFSR12903CDDB28
TRVBNPA128F92F37CD,TRNBQRJ128F4269C69,TRNUFTX128F1467382,TRWLVJP128F14863DA
TRYMRCM128F42B9219,TRCEGBC128F92D6457,TRHZNFC128F9350EBD,TRJFEWF128F9300027
TRUAWAZ128F1451D45,TRMXKSC128F92DFDEE,TRRCUCO128F4263CB1,TRBMBQS12903CEBCC4
TRFATUU128F4265A15,TRIAWYP128EF34ED26,TRLBNQV128F426A1CD,TRUPSXD128F92FD228
TRPJTBZ128F933D834,TRBIFUD128F1495AE2,TROHVKO12903CA0687,TRAJQRQ12903CE6E56
TRXRNPF128F92EBCC7,TRPNUEJ12903CDE1FB,TRQDVHF128F426273C,TRNOZMF128F92F2A66
TRZSBAG128F1457E93,TRDADYV12903CCC07B,TRNYQYN128F1479156,TRAUNMM128F149C4E2
TRUGJNH128F93216EC,TRCNLXP128F932CCBC,TRLWXYX128F4269E1F,TRZJCOH128F93225CD
TRXOSPY128F42254C6,TRMQCPK128F428DE7A,TRANLHL12903CF88E5,TRPGBPZ128F1494A8A
TRQMAPS128F92EC3BF,TRJZKTO128F935870C,TREYQTY128F1499599,TRWPITW128F147805B
TRJPZCI128E078EFBE,TRRHCTV128F932A6E7,TRKLGCD128F9338B1D,TRRCYPJ128F429B579
TRFXTSL128F4266B57,TRCMAYU128F42B1409,TRPBXXM128F93306DE,TRIFCMJ128F930FD48
TRHENCP128F42614C4,TRQJLQN128F422DCEF,TRACIEP128F4246AFB,TRSBHJK128F92F60AC
TRMOYDT12903CAF467,TRCBDEG12903CDAEA7,TRLJYQF128F1477C8D,TRTYHRQ128F14761B9
TRBXCSS128F934CA80,TRSRYXI128F4276E25,TRGGWBK128F42B7711,TRKQZIX128F423B84D
TRDMGOW128F92DF2F9,TRKLEYH128F930B19C,TRSXWVG128F930F753,TRSYJRL12903CC37C7
TRHQUQC128F428198B,TRXWOVA128F932B849,TRPUOLT128F4295C05,TRTQJAO128F4258BB2
TRAQFRZ128F9314098,TRGBUXW128F4272715,TRCDGDU128F4282F80,TRDPOFN128F92DF7C6
TRQNADL12903CB90C7,TRLZFWV128EF363696,TRPYBUE128F1490E11,TROASNQ128F9341B4D
TRNGOPT128F9321900,TRDDWAN128F931FF06,TRMVNXQ128F4273600,TRZCEUW128F429EF78
TRKKTZB128F933F19C,TRNWNRN128F92E3DDA,TRYOEXJ128F93256AA,TRWDVCV128F93149F2
TRCOKUI128F92CC312,TRANUPI12903CA6A4F,TRDMTYI128F428AA14,TRNJHKK128F42A9A1F
TRDTWOU128F422F214,TRPYJPV128F92F1202,TRXGGVF128F9320B57,TRPDJWN128F421FE1B
TRLOSFC128F42955A0,TRNVRTM128F931EAA9,TRAKQXX128F9337BDC,TRCZVBJ128F92F913B
TRDATZD128F4281A93,TRQPPIM128F92DEB17,TRTDRCV128F149799C,TRVRLAH128F92F8238
TRSWEIJ128E078F4B3,TRKNEEZ128F422ADA7,TRPMMXL128F424185F,TRKAWBQ128F9317997
TRVICAY128F92FC4C1,TRGTLRU128F42B0718,TRHMVFZ128F146346E,TRPDZRM128F424DEE9
TREXDDS128F4277776,TRQIQRL128EF367590,TRXGHXP12903CE82C1,TRCSBID128F93170FC
TRPJNFQ128F4235A41,TRYVLLF12903CD618B,TRFVVNS128F42B210E,TRCZCQN12903CA911D
TREQUFU128E0798B10,TRTQFBH128F42AA45A,TRNAPUO128F931E406,TRZFBBD128F147CA0B
TRBQJYV128F426667F,TRQGZXY128F4267693,TRVQPCQ128F426497D,TRIJCYG128F934D500
TRTKTWX128F934A90B,TRPNJGR128F9310319,TRJLDAH128F147A2BC,TRFWOUJ128F424A5EB
TRHONTC128E0794E20,TRECVYC12903D031EE,TRLPUGE128E0795395,TRZWHCJ128F92E4563
TRZWMGB12903CAF46A,TRGXVYM128F1495AE0,TRSAUJU128F92E07D2,TRVBWYG128F4272089
TRNUGXB128EF350DC0,TRASIJO128F4258025,TRXYRPW128F92D4D30,TRTGLQM128E078C5C0
TRGQDBB128EF3498C8,TRTBXKB128F92E8858,TRYAPYF12903CF29A0,TRFWUYI128F932192B
TRZAVPT128F1491F3B,TRTZJPA128F4286A46,TRLFHTH128F933EB64,TRAOECL128F934549F
TROIQML128F9303644,TROTOCH128F427F1D9,TRRQWEA12903CF7B09,TRIVACX128F427BD15
TRDNFCU128E07871FC,TRXBFRM128F423F017,TRCIXGV128F425E6C9,TRAPMTM128F425B4E5
TRUXKXU128F93256F1,TRAEISR128F422BC03,TRXSFVC128F42418C8,TRUPVIO128F92F2A1D
TRCTHSQ12903CE9FCD,TREOFDG128F931E431,TRQUHFU128E0781FCB,TRLMRLE12903CDEBA6
TRSCYAI128F4262207,TRPAVFS128F14A07D7,TRAKDBM128F930362F,TRNEYYG128F42B840F
TRHIYHP128F4262A43,TRWYMEE128F429B100,TRDNXWO128F14AA7EE,TRIEZBM128F92DE6BB
TRQKAYQ12903D109BF,TRASUTV128F92DE72A,TRGMFMY128F422543B,TRFFKHL128F42BA3DA
TRRIHQU128F423849B,TRVEHLB12903C95661,TRFBBUU128F429D2B8,TRDCSLA128F4297D2C
TRUSIHV128F92E31BE,TRDBCWQ128F932A6DC,TRJMMVL128EF34B756,TRGEDWH12903CA2DE9
TRYLYNT128E0791CD7,TRSTPVT12903CE4572,TRGPVFL128F92FD037,TRICSCQ128F428950D
TRYCWQZ128E078380F,TROXNLH128F427503D,TRJEODQ128F9307D1B,TRKUUJG128F92F807D
TRYSOKM128F14654BC,TRTISBP12903D07F56,TRDOYOL128F1491A76,TRBMBJT128F92D36BF
TRZBFIO128F426238E,TRQEHFN12903CB6EEC,TRJUIQT128F427018A,TRNEIEE12903CC65E2
TRJVGIY128F425FDA6,TRKVIVC128F425C02F,TRXCOBE128F425A3B0,TRDVLMZ128F145A1A6
TRONRCR128F93544C4,TROWPRE128F92E71C5,TRYILNL128F429926A,TREWWQQ128F426E66A
TRNINOF128E0794E22,TRFRCPY128F427A1BF,TRAUEHE128E078A593,TRGSZLD12903CB11E0
TRKFPPJ12903CEA1E0,TRQXXIT128F1495AE1,TRTVGZW128F9334164,TRHDQDN128F93314C1
TRUFREC12903D00140,TRLFQSD128F92DF231,TRVSFNF12903CFF683,TRCZTSE12903CC2627
TRJYKAM128F146DCC1,TRXSEQW128F931EBA4,TRUXEFO128F933FAC2,TRCRHFK128F427FD8F
TRGPTXC12903D009AE,TRLQQEI128F4270996,TRMWSVO128F42702B5,TRVRLCB128F42749E4
TRAUVTO128F4297AA2,TRTNOHM128F428E327,TRIYZPL128F92F920C,TRQRVUR12903CB5A18
TRSWIOK128F4264698,TRLICDD128F92FEE86,TRFRRJY12903CE6AE9,TRHRPEB128F14757BA
TRHIXSH128E079251C,,TROXCOZ128F4278D8D,TRIOQCI128F92E4B31
TRYDPAG128F426019A,,TRGWPCF128F9319AC4,TRTKIKH128F92EE695
TRAZHHW12903CA842D,,TRXYAYU128F92F97ED,TRGHCKT128F424203E
TRJTKSY128F428B146,,TRYKTWX128E0795652,TRYVHIO128F425E20E
TRUBNUK128F9305CA3,,TRQIWNM128F146D1B8,TRCFFWQ128F932805E
TRRCLFT12903CBDF11,,TRPXQCC128F92EE1ED,TRQVPET128F92DF30E
TREXWOG128F9316AB0,,TRZRZAC128F429F71C,TRGCBRJ128F42B8410
TRMQEBY128F92CF4CB,,TRAJUDL128F42579C7,TRHZYPX128F429E433
TRNBSVO128F931C0E6,,TRXXGJU128F425E9D7,TRUOBYZ128F425612B
TRLIBKC128F42791B7,,TRVOAOX12903CF6B96,TRPJKHS128F9353448
TRDCZGD128F4226EAE,,TRBTWYN128F42968AB,TRUMHBL12903D05DDE
TRLNSJR128F4274D34,,TRUKYQL128F9325910,TRFNNKH128E078636F
TRUNCZA128F4277CA9,,TRTTIND128F425ECD1,TRKFMPW128F428AD06
TREXZFS128F93126FE,,TRJWAOG12903CC1BAF,TRWLRVD128F92DCDE2
TRXYRYN12903CB50A1,,TRVRBOL128F425E7C1,TRJXXGU128F932DBC6
TRWXTOI128F931BF45,,TRIIOZW128F92D103D,TRALHMQ128F42AB59C
TRXXXAJ128F145D539,,TRAYOVJ128F9308833,TRVSGCT12903CAF6C3
TRHZIID12903CCAB5E,,TRHSDZE128F92F41C8,TRYFRWA128F9340555
TRRZTVP128F4253357,,TRANNGR128F9326CFE,TRBESRT128F9339937
TRIEBJR128F1474A15,,TRHLIUG128F42477C4,TRNBKDN128F148BEBC
TRYXLTV128F4275401,,TRHFKZQ128F147BB63,TRJVIUI128F92DDD3F
TRIUXFX12903CE59B9,,TRHOFKW12903CE41E1,TRHMFWR12903CCCB43
TRTJOKG128F428B5F9,,TRIJYUI128F932A0FB,TRUNSRT128F4275866
TRXTXNZ128E0792A00,,TRNLVQU128F1469E3E,TRRNFPE128F428ABCA
TRJRYRF128F4255823,,TRZZNYI128F4271862,TRKBRMS128E0780FB4
TRDKGLN128F92FAADC,,TRNRTNJ128F424C064,TROBILZ12903CEAF9C
TRRODHI128F92D1D03,,TRMYHUD12903CF73B8,TRFGRYD128F424B87E
TRAMGJJ128F421487E,,TRNDLDZ128F42707C5,TRKOBDB12903CF6A61
TRLIZWJ128F421BECC,,TRTPOKZ128F92F815B,TREQUTM128F4297D2A
TRRSDAG12903C95456,,TRXKJDK128F42A07B2,TRRUVOJ128EF34ED25
TRDPAUD12903CE692A,,TRIBLBE128F4262090,TRDYOWI128F92F0045
TRVANTI128F92C58CB,,TRDORUT128F425738B,TRPFCLY128F148CD96
TRZNAOY128F42AD654,,TRDURHV128F42AE80F,TRQOWLY128F93032B1
TRSMVIL128F4280263,,TRLEKFI128F933F068,TRENNWH128F14AE051
TRVZMFI12903CEA653,,TRPGIFI12903CC0056,TRDEXJL128F934E3DA
TRRFGOZ128F1460CBE,,TRUKIAO128E0781825,TRLFXDL128F92FC2F5
TRHZMFP12903CEBC73,,TRWMUOQ12903CB9B72,TRSGPWJ128F92CB798
TRUQWCU128F931EDB1,,TRIQFRP128F934DB2F,TRJECTU128EF34DC9C
TRNGWMU128F149C15F,,TRDZACO12903D04657,TRIQJRA128F42469D6
TRTKLXH128EF34D8F8,,TRKRREE128F92D4E16,TRHMFWJ128EF34A2AB
TRHDHNM128F932C059,,TRDYMCG128F42927BA,TREYGYS12903CA5F61
TRJXXTU128F146E475,,TRRFCVK128F422DCE1,TRLSZHD128E078D09C
TRIXFWE128F93219D0,,TRNKTXC128F9347354,TRYAEYE128F42366CC
TRMBEIM128F1474A1B,,TRANOCB128F9329FF5,TRTBICJ128F4293C13
TRZZUEN12903C954F7,,TRGDXDO12903D0145D,TRZOIBE128F9328CC9
TRMJAKZ12903CEA204,,TRGSYZI128F42777B9,TRRKHYN128F9343212
TRGHASP12903CCD2B8,,TRERJIP128E0784CC6,TRCQQID128E0789379
TRVRINX128F4265E6A,,TRVJCWO128EF34B94D,TRSAYVI128F1469DEC
TRRGOAN128F4262685,,TRMKHVU128F933754D,TRLWXIL12903CA5D0C
TRVOXBN128F9303646,,TRBPIYO12903CEDAE6,TRKFNUO128F92FCCC2
TRGJIMU128F9332280,,TRKOUTT128F92E0AE8,TRKSPXS128F425863E
TRWNBPM128F9319AD3,,TRCUBNP128F93128AA,TRNXAMR128F9318658
TRIQUEM128F149D971,,TRAQETN128F4281AE3,TRVQKEX128EF34DB6B
TRXGZYV128F4220FFE,,TRHNZLI128F933CF81,TRSTBJG128F4246C58
TRZGXMG12903CF3074,,TRIWRVP128F933DED1,TRCZLKJ128F92E3C80
TRWPMGP128F425910E,,TRGGBBS12903CB06B7,TROYKUG128F92FB094
TRFFNTC128F92C8044,,TRCORGG128F4275A9E,TRWEZHX128F930E4EA
TRLWFFQ128F933E5FC,,TREORIN12903CD7369,TROARJW128E079885F
TRVYVQP128F423C85A,,TRDBLPX128F4245F98,TRMEDZO128F427FCBA
TRNPQVA128F92EAC99,,TRIWDET128F92F9F80,TRVRRDN128E0794D07
TRUDMHN128EF34E8C6,,TRCWLLP128F9321A7B,TRUYJRH12903CBB99D
TRPXABB128E078D1D1,,TRXWUPV128F423B44B,TRVEFNB128F42AC26B
TRXSUPR128E0785513,,TRZDXNS128F92F914A,TRSDUUQ12903CE92AA
TRXDFFP128F427A665,,TRVROXM128F4235D73,TRWYHYR128F147B797
TROXCOI128EF35DF21,,TRGIJIC12903CE56DE,TRXQRYE128F42909E0
TROYEDX128F428A8F7,,TRQDQUN128EF367142,TROMZTB128E07810A9
TRDGKZV128F14A2B67,,TRAHPNB12903CCB8FA,TRPPLIZ128E078ACFF
TRYFQWF12903CD63BC,,TRRQJII12903CD4166,TRUOUHA128F147A2C1
TRAZAJX12903CF7177,,TRYNAUD128F932DAAD,TRETMQJ128F149A747
TRGWOGK128F42AD134,,TRUVYTM128F4221255,TREOZIG128F92FC2AC
TRVEZQV12903CB4C2D,,TRPWQMU128F42579D2,TRZUWLD128F930D490
TRKUBXA128F92D1740,,TRKBUFL128F92D5C62,TRSIEVB128F9307C92
TRJCDWH12903CC912E,,TRPGKUR12903CBB25A,TRMRNZN128F422890C
TRHOIOZ128F931B94C,,TRCPCRW128F42618AB,TRVHNUC128F9303F93
TRVIENP128F425AD43,,TRIOEWM12903D15D5F,TRPRPZS128F42826D7
TRQXJHA128F931469D,,TRAKJBK128E0789A2F,TRPGVJG128F934C379
TREJXGY128F42987F3,,TRZTTKK128F42BA38C,TRBCSBE128F9328FFA
TRANCMJ128F931B894,,TRSZQZW128F92FC2A7,TROAZCT128F934AE70
TROOPUL128F92C25A6,,TRCCNFQ128F14903C4,TRKFMHJ128F4262C45
TRUFMVZ128E0792519,,TRCFJSV128F4265F82,TRLOLYX12903CA8867
TRCBIGR12903CCB7A5,,TRMCJGU128E0791C67,TRMUEWZ128F424CF74
TRXJRLO128F92F7E7D,,TRBBGOT12903CCD8C7,TRNJWAR128F146A993
TRDLDXP128F42AD799,,TRSSSCX128F4274B0E,TRFSAPN128F1469559
TRCUNSC12903CA842F,,TRQFUWD128F424FFE5,TRLVEBO12903CF61F1
TRCLHGV128F42658E5,,TRTCQLS128F425DD0F,TRSTBQF128F427D78E
TRZFVUJ128F92CE71E,,TRBDCUD128F4265049,TREXKAY128F4286886
TRMXUGY128F148BEA2,,TRZNVCL12903C9EF7C,TRRZWWP128F4262684
TRNEXKM128F92C56F1,,TRZPACQ128F427B04C,TRVJEGH128F42818AD
TROOVAH128F429559B,,TRLAISM128F428B495,TRNOXVX12903CC4828
TRRFDER128F148F71F,,TRXGGMY128F4255FD6,TRLKZXP128F4251284
TRPPSPX128F428062B,,TRFDRMV128F4233963,TRLVTRF12903CAE433
TRUBEPS128EF35D145,,TRTWKTK128F4291463,TRGATFM128F9309212
TRUNICO12903CC57DB,,TRDIHXU128F4255C34,TRAEUPC128F423CCAC
TRZAWFR128F42A9B39,,TRDOSTY128EF344191,TRLFMIW128F92F1F53
TRVNNKP128E07925EE,,TRXFANJ128F42A809E,TRONXVO128F9334F8F
TRNUINU128F422F211,,TREBEFU128F92F8274,TRDWBUQ128F424813A
TRDFHJA128F4226EB0,,TRHFHMU128F932686B,TRLGOVR12903CF2055
TRAOEYW128E0792A0C,,TRWGARZ128F92FD839,TRLIBFL128F92F877C
TRVUTMT128F9330771,,TRIFRCX128F425887C,TRVWYHK128E0796677
TRHANZM12903CC5573,,TRGNDAA12903CB5943,TRWHHIF128F92D8B58
TRKQZHG128F145FA8A,,TRFUESM128F4243EFB,TRSXUYJ12903CEBB63
TRHUIQZ128F428B7AA,,TRZRNYI128F1497DEB,TRHYEZX128F426B8AC
TRWWJCD12903CAF6C9,,TRTMLFL128F92F37E6,TRBUDYJ128F4234800
TRGGIEA128F4271932,,TRYWLWG128F92D6ED9,TRXRVLW128F149A70A
TREACHU12903CE1105,,TRBHWDD128F42796DE,TRLEENL128F148BEC0
TRKGQEN128F42766B5,,TRTTUYZ12903CC54C1,TRUJWVB128E07983E0
TRUECRX128F930B6C0,,TRPAQFE12903CF717A,TRTTVBB128F42298A5
TRSUEOX128F1464A4E,,TRMZBCO128F4273C8C,TRCIHTL12903CE0E4F
TRHDBUH128F145C0B1,,TRGZMVZ128F42438E3,TRXHKIL128F9328B47
TRIRJWA128F933E2AD,,TRCHGLH128F930F567,TRLRSOO128F14773DE
TRMCRSV128EF356BAE,,TRUPSXD128F92FD228,TRKRJKU128F428A7B6
TRORULI128F9327312,,TRWTDEV12903CD415D,TRMINWN128F4296529
TREWSLF128E0785EDC,,TRQUCIN128F92FA112,TRWBRVB128F931FB27
TRJRQYL128F1495BAD,,TRGVXLP128F422B91B,TRZFODO128F9328FFD
TRJXYKD128F4287C73,,TRIOTYJ128EF364804,TRADIKQ128F42B1DFE
TRIRIJK128F92F6763,,TRQZPWZ128F424CA10,TRDMPXV128F92DF31B
TRHULVN128EF34A459,,TRCTNXX128F92F8270,TREUKWL128F93101B4
TRPJQDT128F92D89B6,,TRKHFQC128F934CFE8,TRZXITL128F42A7B7A
TRKFITH128F4273D5B,,TRWOTIL128F930F4B4,TRGUVYC12903D083BA
TRMCOBV128F14B0EAB,,TREFUNS128F424972E,TRDSBVY128F148D6BF
TRSPLHQ128F424CE4B,,TRBGHFM128F92EFB66,TRTXPZF128F4297221
TRJXXUE128F149A749,,TRNJHKK128F42A9A1F,TRLJOXT128E078FB15
TRBIGHX128F1499F41,,TRCZVBJ128F92F913B,TRRGFMY128F9312B5B
TRJVKNO128F42646BF,,TRUHPQY12903CA78F4,TRQHBMF128EF3435A2
TRDONTV128F9325F0D,,TRMAFYF128F9319892,TRDHCQV128F425E20D
TRAIVTG128F429DAD1,,TRBAPHW128F42608B4,TRPEBIQ128F424397B
TRSDBDK128F4244F7B,,TRRMBIX128F92F7721,TRQAWNE128F422989F
TRYXMHK128F42858A5,,TRRTNTL128F428AC12,TRQRUHO12903CE5FB5
TRHBUXG128F92EAC92,,TRBQMXZ128F932EE1B,TRLPSQY128F427615E
TRDQCYV128E0789372,,TRTVPVF128F92FAA4B,TRFSMHY128E0798FE0
TRHHJJT12903CDD818,,TRNCRKK128F426FF32,TREUPTD128F4234809
TRBEFXF128F4263CE9,,TRDMXAW128F92E131C,TRTNZMN128F42670EE
TRTKSCA128F930FAF7,,TRLHTGM128F42A01E3,TRYHYRJ128F429927D
TRFWJMB128F422AA65,,TRMTSQY128E078EED6,TRRPQBX128E0788C7B
TRFGPJP128F42655D9,,TROFYIX128F4288310,TRBMRAN128F424BDED
TRYKGEI128F92EAA33,,TRCJMAR128EF366343,TRSOJLN128F92FC2D0
TRHXGWV128F9302C2D,,TRZLCET128F42A38A5,TRGSAFC128F42551FB
TRMZAPC128F4232A87,,TRDRQKU128F92DD7B8,TRRQKOO128E0795634
TRPMGUT128F92DF9A0,,TRUFAUA12903D044BB,TRKRPIH12903C9A01C
TRYVELG12903CA935F,,TRHJXEI128F4273035,TRJFCVV128F9321CBC
TROVOAJ128F930364B,,TRQMLQC128F9301EF0,TRPATXT128F427EC91
TRTMGYU128F425C51A,,TRXTPRO128F92FAE70,TRKYSHN128F92D4D2D
TRFJKRM12903CE4E17,,TRZRXGE128E078D450,TRDQCIA128F92E4C82
TRBZASE128F428838F,,TRZBDAT128E0786323,TRGPLGW128F42AD473
TREWGKX12903CE6C5A,,TRBQEAB128F930E30A,TRBMATB128F14A67FA
TRZKMBW128F92D1DE6,,TRVNMOV128E07933C1,TRMHGCD128F930CAC7
TRXNCXJ128F933E5F3,,TRESUTO128F4277BDF,TRBUSSL12903D05E34
TRSJAHL128F429EFAF,,TRORGTL128F932AA4A,TRHPEZN128EF340E9A
TRGNHWJ128F9304A36,,TRUGWNQ128F14637FC,TRPHHQN12903CDFA59
TRGANEM128F42884DE,,TROGMYP128F424847A,TRHEQCZ128F932789F
TRHMHOB128F9330FF7,,TRQKBVE128F42359E7,TROBIAO128F42B67F2
TRCKVBI128E07898B3,,TRGHXMI128E0784698,TRQHHXA128F428554A
TRMVJLU128F4252F41,,TRMNSXB128F146BA6D,TRSBHNQ128E078FB1B
TRVTXBH128F428F24C,,TRMWCEE128F426D0AE,TRJGWLY128EF34420F
TRDKZOC128F4238BDD,,TRDVRRO128F423CAD3,TRQKOJW128F4285BA4
TRBKHKC128F4284DB6,,TRVDRQH128F92C9C43,TRKDNZR128F424FA4D
TRKZPIX128F934E560,,TRULIAS128F92D19FC,TREGEOT128F42847B8
TREFDJL128F931B8BB,,TRSAWKV128F930F8ED,TRTHHRJ128F933239B
TRKYYNS128F147E503,,TRZTWUP128F428F723,TRRMUXL128F92C1E6B
TRLEJGW128EF33FBF5,,TRZQALM128F147B295,TRLDHGJ128F93253E0
TRGJKVU128F14A9299,,TRPDBQU128F14983E2,TRDOVUP12903CE061A
TRVNMMF128F424DEAF,,TRVRLCB128F42749E4,TRAAZQW128F93430DC
TRXAHWQ128E0784AFA,,TRBLFRH128F429F8A0,TRSRTFB128F427208B
TRSCDSH128F148BE9E,,TRHSPHZ128F931A19F,TRUFEBP128F427BAD8
TRMIROM128F4265FA9,,TRYRWZD12903CC5628,TRSDBBJ128F1468F84
TRMSISD128E07851EF,,TRBJEJT128EF343D19,TRLRHBG128F146C918
TRXEHTL128F429B2D9,,TROOHZQ128F42BA366,TRKQJKT128F421C682
TRAOANQ128F4262420,,TRVDFMY128F427D364,TRCWPLV128F93445A8
TRMBTTI128F92DD0D7,,TRPJBLC128F933B748,TRJZXES128F42AAD29
TRZHUQC128F146FDE1,,TRCDIQQ128F42AE999,TRHFKJZ128F92CA33C
TRRNPTO12903CA4095,,TREIWJE128F931B266,TRXDMBB128F92E76E6
TRWCRLH128F422D9F8,,TREPUOJ128F933DD1D,TRZCFOY128F932F608
TRHDOVL128F9321BA0,,TRCGKYD128F428B919,TRGSCOC128F428DAF8
TRCLTMT128F423EF98,,TRNQRPN128F42565FF,TRTLRYM128F92FA356
TRQEXMJ128F422D9FB,,TRDWCGX128F1477735,TRGUQKF128F9337971
TRHZXME128F1467338,,TRIZFMU128F9307D14,TRTRFCP128F14569B0
TRLPFKF128F1489134,,TRVSGUH128F1497DE2,TRLDTKQ12903CFF2AA
TRHTPVR128F92FC191,,TRZVQOU128F9337CD7,TRWHKTV128F92DCEC4
TRKJARU128F933A83D,,TREXOBT128F1475F67,TRQFMAB128F4218F6D
TRMRBUU128F147ED08,,TROKEVL12903CD9B62,TRGMASP128F4278B7A
TRMKCBO12903CB7431,,TRMBEVQ128F92FD82A,TRXURET128F4279078
TRRUUAO128F42660CD,,TRQXNZB128F93304A3,TRXVIJF128F92F76D7
TRJYGDW128F932987F,,TRXVHMZ128F9337F38,TRLEJTW12903CEF14F
TRKBVWP128F4261640,,TRZOEIW128F92EE2ED,TRJELLI128F42851D9
TRUCQAK128F932EDD0,,TRYYXQD128F92EA615,TRLOHGW128F4234AE1
TRKCMZG12903CAF670,,TRJXXGU128F932DBC6,TRKEXWD128F14569AE
TRCHOAV128F92D9606,,TRKNXDC128F92EDED8,TRMLXKC128F92F7F9C
TRUBVSE12903CBC70A,,TREFVNO128F42963FD,TRTKZUA128F934D51A
TRSNAIY128F148D138,,TRLWFFQ128F933E5FC,TRKWHIK128F4298794
TRSHMIW128F427DAD4,,TRKUXGC128F42605F0,TRCTIDH128F9328F3E
TRKXKTS128F42883CB,,TRTBETK128F9338B37,TRECVYC12903D031EE
TRYWZET128F42B929C,,TRIPPME128F426A5FC,TRDFUZK128F42A7FAA
TRHEUEZ128F9310988,,TRSWFXT12903CDCACA,TRADSVJ12903C9CDFA
TRKSQJE128F427A177,,TREJOMK128F9336B82,TRFDGAP12903D0757E
TRMWTYD128F14A0BDE,,TRXGDHK128F42478CE,TRONKED128F42416B4
TRGCCJU128F1481E61,,TRFOLMB128F148C459,TRYKTKA128F935587E
TRJYPYD128F4286D4C,,TRMEITB128F42413CD,TRVPKWJ128F930190A
TRVGPGM128F1498818,,TRVDKUB12903CF170C,TRQPYWD128EF34550D
TRALYEE128F4264A66,,TRHGIXS12903D0025A,TRDAOSG128F92EFA5C
TRXBLDS128F1474A20,,TRMSWOX12903D02737,TRVHCUB128F4246378
TRRLLRY128F9314CD6,,TROXEJU12903D00B11,TRLOPYS128F932E15D
TRKQGKX128F42B135C,,TRSXEEE128F422279A,TRDMTPZ128F932D861
TRTFQDC128F42AD136,,TRAGYDZ12903D0957F,TRHTTGN128F92DC7F5
TRLEPMC128F92C52BB,,TRWRMZP128F4254E15,TRREJJU128F930FC9B
TRLQVOT12903CC098B,,TRRUVOJ128EF34ED25,TRSCYSR128F42579F7
TRYQXFL128F92F5C3F,,TRBIQJF12903CD6569,TRTXOUV128F92DF303
TRKQJNR128F1474E64,,TRSZSIM12903CF04B2,TRQUPIH128F9306AAB
TRQTTOO128F9313FDE,,TRRDKJD12903CB147A,TRILQQU128F934CA3F
TRUYJRH12903CBB99D,,TRDDSHO128F9338976,TRCJRZY128F425A9DB
TRFHIUE128F146F71C,,TRPUMVL128F9332667,TREFPZV128F14918EE
TRYINRT128F930F7DE,,TRELYJZ128F148D65A,TRASCPF128F4287DFE
TRSMWQW128F428CD91,,TRPYSVW128C7196A51,TRQJMHC128F92FE237
TRYWION128F425BCE8,,TRVXIMV128F9309C66,TRMIKHO128F423EF97
TRDLBTU128E07935CC,,TRFAFMJ128F42846D7,TRWOHUJ128F9306490
TRWMKIK128F1487C0E,,TRYBQYO128F42AF24B,TRASNAZ12903CC9921
TRCCVKH12903CE3ECA,,TRTCVFX128F42B7712,TRWSNNW128F4241944
TRERXHG128F422F219,,TRZNBBV128F92FA72C,TRNEZAQ128F92D59F9
TRKEUTZ128F930009D,,TRVISIU128F428D029,TRAOCKQ128F145E248
TRVSRXM12903CA842B,,TRVPIMB128F4285EE7,TRALCOH128F1473A42
TRUVWGR128E07957F0,,TRYXAQW128F1480BC4,TRZEXYH128F146CA9E
TRDYFKN128E078497F,,TRNEBFA128F92D85EB,TROJDHH128F92E6CB7
TRETLWZ128F4263565,,TRTQGOT128F425B232,TRPQJMN128F4262F64
TRYCFNX128F92F2997,,TRRKHYN128F9343212,TRSTTRM128F42B6FF5
TRLHOLY128F424695D,,TRKNPNE128F4295842,TROCHJF128F425B111
TROZEGS128F14645E3,,TRHCTDM128F145167F,TRAMMXT128F42579C8
TRBDZHS128F42444E8,,TRYCKCX128EF33FBF4,TRMYLEA128F9320130
TRVFYVC128F426D705,,TRHFVQY128F92CE5C3,TRKGLQX128F1466CD4
TRRZUJB128E0785F04,,TRNERCJ12903CC546D,TRNFONU128F4280740
TRTTZGL128F92DFBF6,,TRGWNYB128F426040E,TRJYITV128F4284594
TRSIGEA12903CAF152,,TRNQKZI128F9337BC7,TRGRSOK128F426603B
TRKKDBF128F42337DC,,TRVQKEX128EF34DB6B,TRUJHBA128F9327BFF
TRKAQVN12903CF4DEE,,TRIZHNP128F9340A5A,TRVTSHI128F147F414
TRSRCBF128F14AAB5B,,TROJYGR128F14A8E89,TRMFDIV128F92CA342
TRQLAHV12903CA794A,,TRRAOGW128F9309216,TRQPSQN128F92EDA0C
TRFKRFQ128F930D000,,TRYUJGL128F1499985,TRKKNCA128F423CF6F
TRQRSEF12903CAEB4A,,TRZFFWB128F9340FD8,TRIAONH128F9340E62
TRFYPOQ128F92F8602,,TRPONYA128F4226574,TRIKIOC128F4244AAF
TRDFZUS128F4276869,,TRJJNCN128E079225E,TRPEEHB128F9316745
TROMHMC12903CB73A9,,TRINBOM128F424455B,TRKWIOC128EF34C04F
TRTDHRD128F428188F,,TRDWATZ128F4219159,TRKDFUK128F4218EA8
TRSYBBS12903C9F413,,TRGGBYA128E0786E99,TRNYKQK12903CADAFC
TRWMIMF12903CADE4A,,TRPCDSS128EF34D93C,TRVICAJ128F4231706
TRNOBYY12903CA9124,,TROMDKX12903CD10BE,TRLPWSH128F426604C
TRUVFOG128F424F553,,TRIJXVY128E0791998,TRWTTGB128F14ACC49
TRLHJZW128F93273DF,,TRDVEDN12903CF98E0,TRBRRSW128F146EFA3
TRUOUHA128F147A2C1,,TRWIKBF128F92DD506,TRGPYBP128F428517A
TRQYLYP12903CC26F6,,TRKFTCC12903CBD1FB,TRFHCWC128F934D151
TRWSDAK128F1494485,,TRSICUU128F42650DA,TRJPVIW128F9316C7E
TRWVNDO128F4285452,,TRSYAZU128F931A61E,TRCZZMJ128F4278478
TRMVEQJ128E079290C,,TRSKCOG128E0791FF0,TRDSYCH128F92E8B5C
TRACKKG128F93034C1,,TRUMWTP128F92F94D6,TRRINLB128F4237B75
TRGGYYO128F145F7B6,,TRIQRUB128F42B4752,TRMHPHQ128F4234CD6
TRRZCQH128F4259E98,,TREOZIG128F92FC2AC,TRCUGTJ128F92F2A18
TRRODUX128F429FEAC,,TRKEQTO128F148A2CD,TRSFPDB128F92FDB6A
TRUHWOM128F42A648E,,TRJMQMG128F93072FE,TRKZTRB128F932D01E
TRZXHIV128F92D48F4,,TRFNSFB128F933338C,TRRPLPU128F4275697
TRWVTSO128F14A949C,,TRJXHNQ128F930F2CF,TRVDIMA128F42AD927
TRURHWN128F4287B14,,TRLQCCD128F148CBB8,TRIMJFU128F427DECA
TRTTAZN128F425BCE0,,TRQJPHU128F426E40F,TREXQRL12903CCF30A
TRAUTNT128F933CB62,,TRVUOSZ128F92D378B,TRJTUQZ128F425E620
TRWYVBK128F1468257,,TRLHWCG128F427E678,TRDBEMS128F4266207
TRICRFL128F146AC58,,TRDYSDG128F92E738F,TRMGIFY128F428136F
TRPSVEL128F4258B40,,TRNFMMI128F933BA0B,TREQGGP128F92D19BB
TRXIQUK128F147C013,,TRTUOKZ128F4293D0C,TRLEOYV128F428A65F
TRDBBRU128F428C229,,TRLPYEW12903CF89F7,TRQJFDH128F4264ED0
TRBQBDW128F4274568,,TRFYBOS128F42B8629,TRVRLSY128F9343D06
TRVGGJP128F92F1365,,TRUKTZS128F932970C,TRRCDNS128F425EC73
TRVPOXN12903CE6C56,,TRZVFZT12903CD1427,TRMBLUU12903C9FD9A
TRVRYKP128F425C967,,TRCVUXT12903CC5804,TRPXECR128F934722A
TRCSKPW128F42886B3,,TRHADZY128F4298DD1,TRNFPID128F92F76D4
TROPJTU128F428CC3E,,TRAPNMR128F4296B0F,TRNEUFY128F425BE28
TROVRLE128F92CFCFE,,TRTSRTY128F1470B45,TRCYWOC128F42956F0
TROVEMU128F4293D45,,TRAYPMR128E0785DD1,TRWWMGG128F427319E
TRBDUXZ128F9303649,,TRUIVTD128E0799983,TRJBCVR128F92FC28C
TRGRORW128F428ACBB,,TRKCDTK128F428191A,TRNFMRV128F931D54E
TRSAFXB12903CB7437,,TRZIGPJ12903CB843A,TRTCUEY128F9336072
TRRRRGT128F4288741,,TRWVEYX128F933266F,TRHDBGY128F425E213
TRRNTEX128E078D1CD,,TRVFTPM12903CD416A,TRYGJNJ128F92F64DB
TRATOYT12903CEA585,,TROUGJW12903CB780E,TRESGTU128E07859AD
TRMTDCI128E079290D,,TRRDZQQ128F149226E,TRKMREU128F42A90D9
TREXTEK128F92E98C9,,TRVSTOB128F4272B71,TRCHTZW128E078BAFC
TRYAGSO128F428930C,,TRBDOPE128F422C1EB,TRXTFTU128F426E289
TREFVTV128F9338987,,TRNVVUC12903CB24E1,TRWOFFT128F42938CD
TRSHWOQ128F42AD132,,TRIZFXK128F92E87E9,TRNTVXJ128F146D7B5
TRGFIMV128F14635EA,,TRGQRLN12903C9566E,TRMGIDW128F932194A
TRXOVIZ128F932A396,,TRSRCWS128F422C50A,TRIIGTD128F427318F
TRIFZRE128F148F736,,TRQPCJF128F42AB9C7,TRUXQKX12903CAE443
TREGEQY128F931E4D9,,TRQDVUM128F932E4CC,TRSCHAO128F932A712
TRYOOFI128F428B452,,TRULPDQ128F93549C5,TRTUBKT128F932EBA1
TRTMMOS128F933C408,,TRRRQSE128F9335246,TRKGYDR128F4269DFC
TRRHHMY128F9330259,,TRTIMDN128F426935D,TRIBNRN128F1476593
TRIBVKT128F9312498,,TRTMHRC128F426A70C,TRAPQYJ128F92FA2AE
TRMBXAO128F92F37DB,,TRZCXZS128F14557FA,TRXSPID128F425100A
TRXSNGK128E079251F,,TRBGXEB128F428AEED,TRHBSZB128F4293C8E
TRCUKTP128F93020FE,,TRXJSUT128F934ADDC,TRDYGLG128F9322232
TRTFZSD128F146904B,,TRJWKBF128F4259D24,TRTNPVB128F424E44B
TRPURBR128F4259FAC,,TRDTXVT12903CF2A91,TRRXNZM128F1477ECB
TRFQNYJ128F4275DA8,,TRZNJRV12903D05ADC,TRBFJFZ128F92DC66D
TRCNQHR128F148932D,,TRIKQHS12903CE2A8A,TRDSZFR128F92F4876
TRIVWJB128F92DF2DA,,TRHIZJW128F9326534,TRXJRTQ12903CE19BD
TRBGDYG128E0792904,,TRAERXQ128F4294114,TRJYJSJ128F428DAC5
TROJEAB128F4276156,,TRBBUDT128F92E1693,TRQHOGY12903C9BE25
TRQSIZW128F9335D69,,TRYYICC128F422B28D,TRUXJGN128E07931FB
TRFRLVJ128F934E70E,,TRSMVTL128F4233D84,TRNENGJ128F427AB11
TROKTRS128F428A311,,TRMWEGP128F427EC98,TRDXSIT128EF34ADA9
TRMSOOW128E0792DA5,,TRDSBVY128F148D6BF,TRHBCIY128F147E7EB
TRFEJWU12903CB5DBB,,TRBLIYP128F147C7CA,TROMXTM128F145C6A0
TRDTUTI128F4275992,,TRWKUXI128F92F64D9,TRGQTIC128F1480A45
TRCLEPO128F42B8A88,,TRLDOBA128E078D2C2,TRCRAQX128F92F8C93
TRLLWBY128F92D48F0,,TRFITDY128E078993D,TRIIRJJ128F426353A
TRGOOUW128F4294220,,TRVLAAY12903CF2904,TRQNOWA128F932B9BC
TRTTREU128F4270071,,TRIUYRL128F42825F2,TRRDBDW12903CF7386
TRCKKNE12903CB743A,,TRFZKLQ12903CAD482,TRAVTIY128F42AAC4F
TRULAAR128F429AB92,,TRDSUTK128F4243EFF,TRIKNML128F92D14BB
TRLWPXK12903CE6BDA,,TRJJVIN12903CB5AC8,TRWMBYE128F92E826F
TROKLQO12903CD9C6D,,TRFXMQG128F42A3420,TRSGLSS128F42A7FAD
TRVWQVW128F9332546,,TRPNFID128F42761DD,TRPCLCY128F14682D6
TRASHZB128E0791E81,,TRIJVEL128F4280353,TRAOLVJ12903CFA44E
TRLOUKE128F932628F,,TRMGSDX128F148C5BD,TRGJUXP12903CC5B2B
TRXIJUV128F428ABBA,,TRLOPAP128F424B347,TRJYSZR128F4272285
TRAVYPO128F149A281,,TRAMJBS128F92F68A6,TRJMRPN12903CB89B5
TRBAZPG128F9339200,,TRZCNFM12903CE2D01,TRXMHAJ128F146E27A
TRCIFYI12903CEA4C4,,TRYQOYB128F42882F9,TRZXDAZ128F427EE20
TRBTOED128F933A921,,TRJEURF128F92F8786,TRDWQRM128F92E5045
TRFESNS128F42A7EDA,,TRLLINC128F932CDCA,TRATZAG128F146E7F7
TRBCSCL128F92F9D89,,TRSCOPB128F4264AF1,TRJSDFV128E0793991
TRKNSOP128F9304E0A,,TRXXHVX128F42174B4,TRNOQRO128F932F150
TRFTQWA128F930C489,,TRTNNLH128F429679D,TRIQVNG128F146EBCD
TRCUVDS12903CCE618,,TRHESVC128F42590EF,TRUFDVT128F42BACF6
TRHUHST128F4262BDC,,TRYQCCV128F92E2FD1,TRDUFNQ128F427DF53
TRZURLW128E078E939,,TRFBTGZ128F42579CB,TRLJZZV128F428588E
TRHAABU128F426288D,,TRMHMAW12903CBD400,TRWCGGV128F42553AF
TRLHYUL128F93043EE,,TRPSHRL128F1460B70,TRAVQBV128F9306498
TRNWNHU128F427FFF4,,TRKYSHN128F92D4D2D,TRZQBRX128F9327480
TRZLLZI128E07843A5,,TRBCGKB12903CFF680,TRUTRZL128F4262868
TRUYDJL128F92E20BB,,TRTLJQT12903CBF6AA,TRJJFUN12903D0CA94
TRQARSX128F42345A2,,TRHQPGQ12903CE449D,TRMCPLM128F92C7F04
TRPFYSX128E07854CC,,TRZAIQL128F425A677,TRTRWHU128F4286884
TRLDDIO128F92EF68C,,TRPWKXJ128F4290E05,TRXIJCK128F423C407
TRKSRUT12903CFF7AF,,TREJWJD128F4281D51,TRAGZKE128F92C4890
TRFPFQP128E07915F9,,TRAFYOU128F92F9E6A,TRMYUVC128E078DB96
TRUSBHR128F93101AE,,TRIQIMI128F92D13FD,TRWFOMP128F932E53B
TRAIPZU128F42418F0,,TRGPLGW128F42AD473,TRUODNR128F92C5053
TRVOGBH128F428C5AE,,TRZDXOM12903CFE7BD,TRYMZPD128F92CA777
TRUROSG128F4288A7D,,TRMHGCD128F930CAC7,TRWCAGH128F146344C
TRIOFRK128F930DEB8,,TRHHFHS128E0787F32,TRJSFWW128F428AAE1
TREOKST128F92E70EE,,TRBEABA128F1497E13,TRFIMNJ128F92E721D
TRDYDVL128F146A329,,TRWLBYL128F931FCE2,TRWIFLY128F9344734
TRYXKZZ128F9321626,,TRHCMUH128F9305002,TRWKXAH128F427D3AC
TRWSHDB128F93311CA,,TRCGOIF128E07956B5,TRDIJLO128EF356F5E
TRZVJNL128F1464F3D,,TRNMZBB128F9317145,TRHYUOX128F429FA3C
TRXIDQU128F14566FF,,TRHCXBA128F92C77CA,TRPNKSE128F92FA0B9
TRRWFTI128F92F37FE,,TRFMNZV128F424EF2B,TRSTNPW128F429282C
TRQXOPD128F9344F0B,,TRAIDAL128F424EEF1,TRVEGTH12903CD7B3C
TRPUWVN128F426BE3A,,TRLUNOJ128F4283AEC,TRNJAVO128F147BB37
TRDXQBN128F428D808,,TRBAWJV128F14A58CE,TRZBUOJ128F93018BC
TRZKNED128F9308E0E,,TRHMNKH128F933A5D0,TRUOVLV12903D06FDA
TREYIHE128F426D0F6,,TRPHFCW12903D06C31,TRUYWBD128F4252053
TRVNDDA128F4232F26,,TRMVKJJ128EF352578,TRNMUDY128F92FD50B
TRGNWBW128F92ED4A6,,TRKUIHH128F9313694,TRCSEED12903D0B01B
TRGZZMC12903CB90D8,,TRIHFGO12903CE809E,TRQFEJZ12903CB62E9
TRIJQSB128F9309797,,TRCVGTP128F426D4D6,TRCFANO128F427E76C
TREZVKG128F427400E,,TRXWYVX128F9341991,TRPCSWL128F92FC2CD
TRSZZUB128F9314477,,TRBPZUX128F421C67C,TRUCPUJ128F4250949
TRLNSVN128F9326587,,TRHJDAD128F931BADC,TRDVWDR128F1465DDB
TRNQXMU128E0791EC1,,TROMALA128F93182AE,TRUVAWL128F42BC790
TRXKWMV128E0792D12,,TRYCORS128F92EAC21,TRBGODU128F92D4D27
TRGBIOW128F92FC542,,TRVYCZH128F9307CEF,TRKPYMJ128F42657CF
TRREEIY128F42AA13A,,TRVAURA128F4255795,TRSCOBX128F425AF57
TRXMHEA128F4214EBE,,TRXKBYG128F92D3D0E,TRIMGQG128F92FC2A0
TRNNXKW128F149EBD7,,TRYVRVB128E0792E59,TRZVFAB128F92FDE3D
TRLZVNA128F1474A16,,TRZUTCO128F428D10D,TRRQGMG128F4292373
TRRIRRY128F4242637,,TRHUVAN128F42996FB,TRVKANU128F42909DF
TRKPAZP128F92F2E96,,TRETGFP128F92E35B9,TRVXSNI128E0791949
TRFBWFH128F4277BCB,,TROTUYJ128F424DA32,TRPLZQV128F92DEC91
TRAYFTP128F1464A5D,,TRYAZFL128F427D367,TRVICAY128F92FC4C1
TRLBRSQ128F14A6D0E,,TRMRVAC128F426AED5,TROWZGM128F92E1ECD
TRSDATO128F422CBA7,,TRJMENE128F145E851,TRYNWLW128F4284D2C
TRFMKZU128F429E49C,,TRCYIRL128F9316C02,TRDQSXW12903CD1EBD
TRQCBMO12903CE59AE,,TRWOVKN128F429EA03,TRYKDMB128F423DFCC
TRXGUMP128F4278B7B,,TRIOACU128F424AE57,TRYFASO128F422BAD0
TRWAJUV128F147262A,,TRFADKA128F42359E3,TRELKED128F427D1EC
TRPMMZV128F423461C,,TRUPOCT128F9338971,TRFUVZF128F931A29E
TROSLCP128F92D0862,,TRSETST128F92DD6E4,TRHLQQX128F9311403
TRXVBGL128F934A96B,,TRVZKGR128F428E541,TRGUGQQ128F92F5E4A
TRTZJDK128F93029D0,,TRVXIZJ128F931F50C,TRPWYKC128F4265DA8
TRGKEWR128F92E31E9,,TRWOGSG128F426EFE3,TRPBRHM128F149E211
TRFNDUO128F932BD15,,TRECVYC12903D031EE,TRKKVIQ128F92FD6B4
TRJRZVT128F93449D0,,TRQGJKK128F147BE4E,TRNPIBR128F4280EB6
TRRHBDT12903CA60C1,,TRTBXKB128F92E8858,TRYEYIM128F42BAAB8
TRMSCPT128E0782B89,,TRMQFBO128F4257069,TRTPXSJ128F934C2F1
TRPMJUL128F42B1351,,TRSDDNL12903CD4159,TRWPWST128F427F2A5
TRWSBSJ128F148F350,,TRWEEFW128F92FE932,TRKAQFB12903CA22FF
TRASMVL128F421A776,,TRTNWTS128F933FC14,TRDJPMC128F9348279
TRRHQYH128F428BA0F,,TRXBFRM128F423F017,TRQDRJM128EF356862
TRYYTIL128F92E3B30,,TRHGHKJ128F93044EF,TRUEPYX128F92E6BFB
TRPLNIU128F9301E7C,,TRYLSDF12903D051CD,TRIGREQ128F145C3AD
TRSPXOI128F92DF2A0,,TRIEKAZ12903D0046F,TRJXYNM128F931997F
TRDRAWF128F930364D,,TRNIZOL128F426B3F3,TRDIUJM128F147EC6D
TRIWNWQ128F422F2C1,,TRQAMPT128F14775F3,TRDLXKC128F92D7BBF
TRWKXJP128F423363C,,TREXRJQ128F4289873,TRCPSXN128F92EC404
TRPHBQF128F92FE64A,,TRXYEIJ128EF34ED29,TRMSVZS128F933AE53
TRGIJOE128F425543A,,TRXTGVA128F4252DA7,TRKINDC128F428876B
TRLEIAH128F14A4430,,TRYTNHA128F1496CA2,TRJLXNR128F9346194
TRAOFIS128E07958B0,,TRBPCBH128F1462C5A,TRUJLUB128F4285CA2
TRWYLTP128F42AEDEE,,TRCCFFI12903CD5AF7,TRYUXTD128F1464CE8
TRAWWQR128F9342954,,TRVJAOD128F145347D,TRSLYZR128E07819EC
TRNNVTJ128F146E468,,TRHDNWL12903CC549D,TRBFUGZ128F92D2835
TRGEQMT128F42B1350,,TRRBQCD12903CB0B95,TRYONHZ128EF34B6D9
TRSTOZE128F93353F2,,TRIOEKQ128F42A79A7,TRYOETS128F424D8C9
TRNVHWC128E0791EBB,,TRMQSIN128F42911D4,TRTNPKR128F424FDAE
TRSEIYZ128F425BCE6,,TRNTAAE128F42620B2,TRNYJOJ12903CAF90B
TRNZVQO128F425B688,,TRQDANI128F92DF294,TRFWGRK128F42A05FE
TRBORAS128F4272179,,TRPPNWR128F147A6C0,TRHKUED128E078B86B
TRZBZMW128F4296092,,TRHGDPT12903CD0B11,TRQQLGA128F426A3FE
TRGFEAW128F9303642,,TRNEZAQ128F92D59F9,TRMHIQA128F4258618
TRODWGN128F42736C9,,TRNZNXU128F428310E,TRYMSFE128F9346494
TRUUELF128F426D0F9,,TRNJMRA128F92F7B89,TRZPLJJ128F9326246
TRFDEYR128F429559F,,TRWKKGY128F4242F28,TRBQYGD128F4241962
TROXRJU128F9333B92,,TRDNIWM128F425CE90,TRTBJAD128F4231267
TREUQIH128F1452CAD,,TRFFIVC128F428887D,TROMBSA128F42B0883
TRWLWKA12903CAA831,,TRZVKHU128F930032C,TREZENU128F426E60F
TRTRVQI12903CB297F,,TRVCAEA128F930DFAD,TRUOBTW12903CE94D6
TROUJTA128F423EDB5,,TRUTYIK128F4257BEE,TREOKEF128F145D932
TRIFIUZ128F930364F,,TRFSPRO128F92EFF6B,TRLJQRW128F92F3E43
TRZNXGP128F427E75D,,TRYIPDY128F92C4955,TRSCGDI128F93137C9
TRSOUJQ12903CB7435,,TRVNLRX128F42485C8,TRSCZZG128F9335732
TRVKIOL12903CCD8D7,,TRNDBJM128F9327F0B,TRKSKOG128F145FD0C
TRMPMEC128F93451B1,,TRIAGRP128E0793BD3,TROYJTP128F4280304
TREJGKM128F92FC409,,TRASNDA12903CB1B4B,TRPAOPJ12903CBB8B0
TRGRXFU128F429237E,,TRVKYTD128F9315889,TRRJVKB128F4285B41
TRDRGUD128F92C5153,,TRSQIQP128F4246586,TRYRWDH128EF34DE59
TRDKMMV128F4283205,,TRHTKYD128F92E938D,TRUTODF12903CFB0C8
TRNRZJA128F4247E71,,TRBUZLI128F42579D1,TRPGVKK12903CC5A07
TRHVWWM128F42659A2,,TRPRAKD128F92F3AB0,TRTCITJ128F429172B
TRSISYV12903CEECCE,,TREVQSE128F9341EED,TRJVMQZ128F424D8A9
TRDPGMJ128F933C742,,TRBOHHF128E0789D78,TROFMLZ128F145C074
TRJVMMW12903CCC8FB,,TRJJGHA128F9338DE4,TRDYEJU128F145BA2E
TRIAFCN12903CC681D,,TRKKUBY128F92F93A1,TRQGCXV128F1460DB0
TRJYYPF128F149FA99,,TRLPVSO128F9336EFE,TRPMTKV128F92F9E67
TRKRPQI128F1472632,,TRBLEGZ128F422DCEC,TRRDSVA12903CC0B2A
TRBRVCF128EF35DF1E,,TRFUIYK128F427F1CC,TRUCUHX128EF35B971
TRPZKHL128F1456B3B,,TRTBJOD128F426F116,TREQDCB128F1474E5D
TRJAXFM128E07834BD,,TRENOXQ128E0786BBC,TRJHIEV128F934B72E
TRYAHFH128F426387F,,TRTKQWP128F14824A4,TRQFQSF128F421FE11
TRQOAKL128F1467653,,TRXLLKW128F9310B46,TRPGTDP128F423738B
TRIOXYN128F426BAE1,,TRISBJD128F930A4EE,TRCHCPM12903CEB425
TRBJQLQ128F424F549,,TRODLMH128F424883F,TRBERKL128F92FACFF
TRGGFQF128F931ED82,,TRRDRHJ128F426E756,TRJGRDI128F148B5DD
TRPDPLE128F933BFE0,,TRCETSK128F930CE4A,TROKBPO128F1492BBE
TRZATMX128F428B872,,TREILSN128F93269EB,TRIENRB128F428C2F9
TRYDZZP128F427E8B3,,TROCVBV128F4282596,TRHSIBD128F428EB14
TRHQITW128F4263885,,TRQFBRQ128F9321BBE,TRLMVXW128F42968DD
TRFEETJ12903CFACC6,,TRMKDDN128F4231A48,TRYZNNT128F42B657A
TRWKEUC12903CA099C,,TRAEWSV128E0785A87,TRTZAOC128F932B08D
TRFWYBP128F933B786,,TRLVPIZ128F4247E86,TRVFFNU128F42909E2
TRPUWEP128F146E460,,TRCWWQY128F1453955,TREFHDH128EF351AD1
TRSEYAK128EF34AF46,,TRSFTPR128E079277F,TRSUIJP128F425B8B6
TRFKLKA128F42484C3,,TRLUCKY128F92E9904,TRLVWJV128F42AC7EE
TRMFTLK128F42725A3,,TRRFJBW128E079277E,TRLYCJB128F14AF4E0
TRFEKEW128F42B9038,,TRNFNRG12903CCAD33,TRWAYXK128F93110E0
TRIMIKY128F4265AD7,,TRNVCDF128F424F095,TRJGZDR128F4279277
TRSMYHA128E0781ED7,,TRBSCRC128F428FC56,TRNZTYC128F930781C
TRBWBUV128F93344E0,,TRGWJXK128E0782C14,TREYTUN128F9342167
TRNHLLO128F428921C,,TRAXDBM128E0785BD8,TRELCOX128F92F9137
TRUTXRP128F4260129,,TRRPQCH12903C9F604,TRXMSYS128F930C703
TRHDISY12903CB2E5D,,TRYJWRY12903CECF46,TRHLASC128F427314F
TRHGWRB128F4282A4E,,TRJGMJG128F92E55EA,TRVJUPC128F422F746
TRZDJJF128F4229050,,TRIGWWR128F145FCC9,TRVPMVB128F145739B
TRZQQGI128F425BCE4,,TRCERDE128F92F40C9,TRPYDYR128F42AD440
TRKDREY128F426626B,,TRHFGQH128F9322DAA,TRMSJQI128F9325CD2
TRGTRIV128F428CD03,,TRMATEE128F9302B5A,TRBLHIG128F933C9BD
TRSTKZU12903CD9C69,,TRXWLCZ128F42872E0,TRINFMR128F422EDB2
TRJVBMT128F9329D7B,,TRJVYFQ12903CDAABA,TREZEOB128F422A0C2
TRYZREL128F145C05C,,TRGHRQE128F9338EE1,TROPRQP128F426223C
TRMSYMW128F92E0F8F,,TRRPMTY12903CF2AAE,TRHPJOK128F14A27A1
TROYBCW128F4298E01,,TRIPXOS128F93434F7,TRUTCMB128F424303A
TRHAZHF128F931E8BB,,TRHIRVS12903CDDD14,TREOKST128F92E70EE
TRHBJSJ128F425BCE9,,TRARJPL128F931C7D2,TRSUKDD128F4292AA5
TRVJGCX128EF362544,,TRJQTRY128F92FA3BC,TRZZPSE128F9331369
TRYCQRL128F93333DB,,TRYMIIB12903CF2764,TRRLMFE128F428AC2E
TRJXFGA128F424DB52,,TRDGNOA128F4288E7A,TRGTOXR128F4277D49
TRGOHHY128F1487CB2,,TRCJECD128EF365196,TRIBERN128F92F43A3
TRQWBDS128F92EAC95,,TRDPATK128F426A377,TRTRTNU128F424C66F
TRWGKYH128E0791103,,TRJRLTQ128F930F49E,TRAZRQI12903CF4D9C
TRNDIYB12903CDFFA8,,TRZZCOR128F9354F18,TRUQGBA12903CA8924
TRXOXTF128F9307FC8,,TRKPKUW128F42679C6,TRPENYG128F148C62D
TRYXPNQ12903CC44E8,,TRCMDXE128F92EC048,TRNZEDJ128F4243BD8
TRMIMBN128E078E6DB,,TRPXBBW128F146B820,TRCPTKX128F428B7D9
TRQJSGG128F9343EE8,,TRXFWYF128F1491D07,TRTGIIT128F1491BB7
TRCJIGR128E0792524,,TRMPELV12903CEA182,TRKZRCN12903CC0091
TRGJQVF12903CDAF21,,TRKBUXH128F92C44C8,TRJNRUM128F933A3D1
TRZSHJI12903CBBF39,,TRHZZOK128F92CA9EA,TRRTNGK128F9306086
TRSNZFH128F145AEEA,,TRAMOZC128F1499984,TRPIXDK128F92FAD24
TRSZUVP128F9335797,,TROVDJZ12903CFD9EC,TRJBQWY128F422A907
TRWUIMA128F9354A70,,TRIMEGQ128F92F0EE2,TRZDUGJ128E0782B66
TRJZOML128F4275874,,TRITBFC128F426F02C,TRWSBSJ128F148F350
TRHTQMQ128F92E7FDE,,TREMDOZ128F4298F0B,TRHOMAZ12903CF996C
TRKSPLF128F426325A,,TRVFLEH128F424DA29,TRSARCD128F92FA6EE
TROQLJF128F429559A,,TRJGTBU128F14968BA,TRQSEQW128F1458FE9
TRSHVLD128F930EE18,,TRADFJT128F92E73AC,TRJVXPA128F931F05D
TRMVMQZ128F4247E83,,TRQBDKV128F1458B34,TRUTSGJ128F4220E06
TRWPFRP128EF33FA7D,,TRNSXFT128F9326529,TRAOFIS128E07958B0
TRENNRB128F14744DC,,TRWHYDB128F932A1E8,TROJQNQ128F92F9A79
TRKYFLW128F9303A4B,,TRUVPKX128F4263686,TRYTVLB128F42581B8
TRIAHBB128F930136B,,TRUHXVL128F932A9F1,TRLPZGK128F92FC2FB
TRPSKNF12903CC9D88,,TRURSYL128F4293D07,TRRBMRW12903CCC92C
TREWONI128F4247E7C,,TROWZSQ128F42BA363,TRCSWGN128F427C764
TRYJILL128F42730DD,,TRKPBXW128F4266092,TRCDMUU128F9303623
TRBFPRL128F14569B9,,TROENUS128F92D89C8,TRNANCY128F9306713
TRYMOWW128F92EBD2E,,TRMDAJT12903C9953D,TRPPBHY128F42A7FB4
TRCDSMO12903CE59AA,,TRGZHDM128F9321AE5,TROCCMG12903CBFD57
TRUFEZZ128F427F28B,,TRSHFIU128F92D97D4,TRARWQN128F4260EA6
TRBRCAM128F147B752,,TRRVNGA128F426382C,TRVTCUF128F931461E
TRUOUAT128F428B152,,TRCTMCZ128F42750B2,TRIYODU12903CFCCB6
TRZLYNA128F42735EA,,TRDNNDW128F930777F,TRGSDFC128F9335E05
TRPXMBG128F92CF4B0,,TRQTPYG128F4263C41,TRZGBWH128F42A8323
TRWEXKH128E0792C32,,TRLSPTF128F424EF30,TRUQTVD128F931AFDE
TRWTUNH12903D01657,,TRCZWBI128F930A935,TREEZLR128F9307268
TRIDBGX128F932E14F,,TRFOCKB128F92D93E7,TRSTKZU12903CD9C69
TRCTKJO128E0781C4E,,TRHBRCR128F4243CA9,TRGGCJC128F42ACC06
TREJKDX128F424EF55,,TRBTCJX128F93173A3,TREZTYN128F9331109
TRHXILY128F422D9F9,,TRQUPPG128F9308759,TRXYUFZ128F934776A
TRGXJKN128EF35CDC9,,TRTFQNW128F9303682,TROYHJS128F9333A41
TRXRXMN128F934810E,,TRBNYRG128F931EC34,TRNQOZP128F932E632
TRQOTGP12903CC5365,,TRRCSPN128E07870F1,TRRWIXO128F4242066
TRMUSFX128F148B2CC,,TRWOXXK128EF340989,TRESHJW128F1497D98
TRVPTCT128F145A7E8,,TROOLKE128F146CC8D,TRXXRFY128F933A92B
TRWCZKO12903CE6BE5,,TRDWTHW128F4251C92,TRWFLND128F428FF65
TRQCUGE128F423C17B,,TRLDCOA128F9341888,TRAGOUB128F42369BA
TRWBJOW128F4244551,,TRTNOPM128F423857F,TRSDQHJ128F933A4AD
TRNLFNG128F4269B10,,TRSPXWQ128F4266DD5,TRUPJGQ128EF34DCAA
TRFMAVT12903CF2622,,TRZMDIF128F92ECBDE,TREOZCL128F422A56C
TRWAPUE128F4263D68,,TRKMLPP128F423EB03,TRHTSKO128F9332638
TRPSFAF128F42B15F3,,TROLIZK128E0784C18,TRGEMWZ128F42246FB
TROPZBT128F9322D06,,TRCWMWL128F92E1330,TRSBKCA128F930492A
TRUSKNK128F9332263,,TRUYCAV128F14A9368,TRGBQXK12903CA896F
TRGCNJW12903D07EDA,,TRPCJEE128E079185E,TRCUBCY12903CA77E3
TRIBCZR128F931129E,,TRVQKHC128F9311F02,TRBMHWV128EF352364
TRHASKE128F4285E0B,,TRARUBB12903CE03F8,TRCMUVM128F421F344
TRUCPPB12903D07C31,,TRKYNAN128F9314E9F,TRAGBUS128F931EB88
TRPSMGY128F92FE23A,,TRUFNKV128EF35F577,TRLUVPO128EF3447D3
TRVPCBB128F4226A8D,,TRLCEYQ128F428A448,TRLVMVP128F4227B53
TRCQAAX128F42664DB,,TRCWMTK128F9326F2A,TRXHSOH128F14A1C89
TRFJGGI128F426424B,,TRUMOMF128F429EFAD,TREVTQG128F9312034
TRXZJAE128F4264B22,,TRKRJSY128F92D91DC,TRRWRJN128F42B99F7
TRISRAQ128F426B205,,TRYBCBK128F4284DA6,TRDRROL128F426A930
TRPNQMB128F4282593,,TRLIYDD128F932E4F4,TRBYYKZ128F426266D
TRDHFTF128F426E4C3,,TRGTUEN128F9303758,TRHRQYK128F92FC2F6
TRGIKMH128F148BFF1,,TRTRKQC128F931F5C7,TRSPCMH128F42739FB
TRSTAYM128F92C56E4,,TRFZWPY128F1497991,TRXKIKR12903CE76B9
TRBJEDT12903CA8436,,TRAZTKR128F92EC654,TRQQYLO128F931F361
TRCTVWQ128F4231C6F,,TRJSDFV128E0793991,TRMHAUA12903CD9A71
TRXOCIK128F92FD514,,TRELKOJ128E0784783,TRGTLRU128F42B0718
TRKFAWD128F424B071,,TRJHKWB128F428CCD7,TRMKTZA128F93149BE
TRRNVKK128F14B1056,,TRFPXRW128F92F19AC,TRUPJQP128F931B15D
TRQPAUT128F148AFF8,,TRVIPTR128F423BEBE,TRBCVML128F42494A9
TRYHQBY128F422258F,,TRLCZYX128F42650E0,TRXHYWW128F9353080
TRXFPIL128F428B3C2,,TRLFNGZ128F9332671,TRBHWYD128F146A6FA
TRZMADP12903CEA993,,TRCQAAC12903CF59F1,TRCTSOM12903CD19A7
TRDFHEE12903CEBC80,,TRICJKF128F9302A5A,TRGHQEG128F148089C
TRRAHEZ12903CFF1BA,,TRKKUUX12903CC09D6,TRJCENK128F4231FD8
TRPAAHP128F92CD256,,TRZKUAS12903CE3293,TRGPGMU128F1452C44
TRTRFCP128F14569B0,,TRWZLGY128F429C28C,TRURIPH128F42903BE
TRYXYMD12903CB7448,,TRDQSDI12903CBB257,TREDGBM128F428B5E4
TRWYIXX128F145F698,,TRHUKZI128F421A01F,TRSLFYK128F93021C5
TRXQSDG12903CE3F02,,TRFCVJV128F9302A00,TRJLXDX128F93229AE
TRSPCMH128F42739FB,,TRJUQLR128F425A46C,TRWTGFS128F9349448
TRVTOVQ128F425A23C,,TRLOGZS128F4277F02,TRKDDZY128F9344907
TRZFCPB128F42669CA,,TRTKTFM12903CE5AB4,TRXQLRR128EF3439E9
TRCWGHS128F425C2DA,,TRMXEMM128F933EBAE,TRGZLOH128F1458FE8
TRWFWMF128E0791BC3,,TRKLTUL12903D00BB1,TRSQPIY128F423CC8F
TRYRCEA128F42695B1,,TRKFOZI128F934B5E4,TRYDSDO12903CB25F2
TRJZNOG12903CB6325,,TRIHRSB128F9307EDA,TRCWQZL128F92EF96C
TRMQBIX128F931B104,,TRRSJZK12903D080D1,TRCCPWT128F92F9A39
TRHQFHP128F425BF03,,TRVKHBY12903CF0FF9,TRTRKHQ128F429586F
TRAYXDP128F92C57A7,,TRILMUP128F4287B61,TRJZOCF128F148835B
TRRUQUI128F4263881,,TRYLFYT128F428C1BA,TRXGVGW128F9310E35
TRNUCGL128F42390EF,,TRAXEIE128F42BC52F,TRFJOCV128F422B5A7
TRWNTDE128F92D4F67,,TRWIFLY128F9344734,TRHTDQL128F428CA44
TRFDJSW12903CE795D,,TRHXJYW128F92F9CC0,TRHMOBS128F92CC498
TRHHGIP128F92DEBAE,,TRHKRAF128F1458F08,TRXTAZJ128F4297C7A
TRZBQUB128F4285710,,TRIAWFM128F930111B,TRBNTQC128F933D64C
TRNFYNT128F427F015,,TRKQJDG12903CCE854,TRRGSGU128F147B745
TRYBZVJ128F9319A5A,,TROWDFZ128F424BFDA,TRYATTX128F93229C7
TRZCBBY128F93545FA,,TRFKFZX128F42A01C1,TRABZPG128F427A5DB
TRZGUTB128F9352FF1,,TRWVGFZ128F427C3EA,TRFVOVJ128F9338966
TRSVFOA128F9331EDF,,TRQCRDD128F424A8DD,TRPXVUZ128F932DCA0
TRJWOOM128F148C6F8,,TRXCUED128E078568E,TRDLBMZ128F4255D32
TRFEGNL128F9302DD9,,TRWXGNI128F427951A,TRKGOYU128F427E8B9
TRMTUVT128F1482564,,TRKMREW12903CD9464,TREQLUZ128F92FC2A8
TRAKAGR128F42334E6,,TRYVRHJ128F42644E1,TRUECPO128F9304306
TRSTDQU128F42BCCC6,,TRHSUFJ128F425A49D,TRSDNUX128F4289140
TRBQQKK128F930726C,,TRBHETW128F4285E5B,TRZWYZP128F1476B9B
TRPLUTO128F931E8FF,,TRRNBZG12903CBB25C,TRXSGHV128F92ED714
TRLSNHQ128F92C4846,,TRFKQKM128F9310333,TRIWCNF128F14961A6
TRAYAIO128F42634D2,,TRGBFII128F427EC8A,TRDJASI128F145DAE7
TRJGPBN128F1494C23,,TRREZJL128F92F16B1,TRASLOZ128F148CD9A
TRZZEKZ128F92DCE1A,,TRDMNAM128F92D7F28,TRCRTIF128F4232614
TRGGWIT128F9347A1A,,TRNYPCX12903CD9C17,TRHNTID128F145AD91
TRNHVNN128F42913C1,,TREJKDU12903CD9B71,TRUZHGR128F14B1203
TRWIOMZ128F93111BF,,TRJRKVI128F934CF4C,TRXIRBQ128F93431BB
TRGETCK128F1460DB1,,TRDGEMC128F422DCE2,TRFYRMW128F42A454A
TRMCTXL128EF343FB9,,TROLVIX128F42894FF,TROOMXP128F9319090
TRNMKVT12903CDA7F0,,TRDAEDL128F4251AA1,TRFHTFF128F424851F
TRMQDLK128E07872FB,,TRTUGNK128E0796902,TRSRHHI128F147EB24
TRDMCWR128F4288881,,TREDOEN128F92E7A18,TREMQNP128F149EED9
TREKNPD128F146E477,,TRVXBCI128E0785E0D,TRYIGJN128F9322231
TRFPEMJ128F9327C5D,,TRKXTNL128E0792813,TROTZVL128F4296033
TRNWZBY128F9345E5D,,TRTBDPH128F92DFB83,TRLOBHN128F428BCC0
TRRXUMQ128F428A85F,,TRIXSRH128F4226081,TRRESPB128F9343630
TRIWJKV12903CE7C30,,TRUDPGM128F9343527,TRAMCTP128F42BC6C0
TRSUGIH128F14638E0,,TRLUWJP128F9322742,TRCOXTS128F14A67F6
TRAAIRC128F92D23C3,,TRESJOD128F92E7A1A,TRHMAOX128F9340E53
TRTAYMG128EF3498CD,,TRQHEGU128F93203BA,TRRZOEQ12903D117EC
TRCECRK128F146FA78,,TRUAION128F427F1CA,TRMKXLV128E078B25C
TRGDQDC128F4228E30,,TRURTRT128F42963FB,TRFJUZD128F146A998
TRYDXKJ128F4216267,,TRHLEKK128F423CADD,TRFCSCQ128F42955B2
TRJRHEF128F4269B1C,,TRUWZDB128F9304A52,TRQVYOX128F92F71E1
TRMHZRL128F42684A6,,TRAMTTD128F42246F3,TRLXBZS128E07918F7
TRJJDFG128F429EDBE,,TRNBYAC128F92C685B,TRLOBYR128E07862CE
TRUMAGH128F4264627,,TRBIELE128F92F6358,TROHGDM12903CA701F
TRTFSUQ128F146E076,,TRKMCJN128F92E882D,TRMMTDZ128F92E5ADE
TRMIMCI128F427C101,,TRSYYQK128F92E4B31,TRJXQKA128F14A658F
TRVZWLR128C7196730,,TRPZIQE128F93322AF,TRHKQHN128F9320B05
TRZFHBK128F14587B0,,TRMKUCS128F4288BF7,TRLLTWR128F429B11B
TRNXPBP128E0783377,,TRDQUSE128F147F99A,TREWRJP128F4253BEB
TRAHSPW128F149867A,,TRSFVWE12903D054A7,TRYUEDM128F932C99F
TRTYBBW12903D024EF,,TRLIBKC128F42791B7,TRGGLIG128F424E448
TRYKKAP12903CDB0B0,,TRSFPZE128F423937C,TRESLUU128F4277BDE
TRRMJWJ128F427ED5A,,TRIZSQF12903CE4481,TRIWEWM128F931C7E2
TRCYZNE128F933CB64,,TRMBGBR128E0787483,TROBSHH128F428AB31
TRZSDUT128F422CBB0,,TRSPULN128F42705A7,TRQXGZM12903CB80BE
TRQXQYU128F93167EB,,TRZWMNM128F14778EA,TRDHXRO128F9312C18
TRMYPIQ128F428E088,,TRRCJUQ128F934A428,TRSXCKS128F931C7E0
TRLBVXG128EF3426EB,,TRNOKAN128F42293C5,TRYXDOV128F429C312
TRALKSM128F42144BE,,TRQCJZH12903CCA185,TRVYORH128F1458F3F
TRKZZRC12903CEBE37,,TRTKKAG128F427BADF,TRBGFYD128F422790E
TROXBIA12903D094D1,,TRGQEXE128F148D1E6,TRNWOLG12903CA2F21
TRFUMRB128F9348F7E,,TRLUWJC12903CEFE3D,TRXUFJY128F427ECB4
TRXQLRR128EF3439E9,,TRTMDQN128F9342891,TRMMQJH128F1464A57
TRUNAZO128F42664CF,,TRPONZT12903CF2A93,TRQRPZH128F4238568
TRTXOUV128F92DF303,,TRDQPRJ128F930FAC6,TRBZVIO12903CEFFCE
TRASUTV128F92DE72A,,TRMFNIO12903CC4F2A,TREFHSX128F92E4D2A
TRVZWJV128F92EF146,,TRRDQWO128F423645C,TRUWNTD128F92E86EF
TRNYUJK128F92D1D0B,,TRZHTOH12903CC20B5,TRSJSUW128F930F3D5
TRULKRL128F145BBCF,,TRHJUAD128F42833CF,TRYKEEQ128F93259FD
TRYANJV128E0791EB9,,TRZNJUT128F93091A9,TRHSOTG12903CC4C73
TRFPHWO128F1469212,,TRVCRWY128F92D068B,TRUBHCV128F92FC2AE
TRXGNPD12903CB81DC,,TRJBEQI12903CDDCCE,TRPHJBW128F4230199
TROKFQT128F4217339,,TRIGBVF128F427EEC2,TRBBXKB128F423EE51
TRYIQFT128F427E977,,TRKKIHI128F1459E30,TROKLML128F425801D
TRPXJBH128F4229570,,TRLTZIK128F9310EF7,TRPNKDT128E078569B
TRHIUJC128F4236D3A,,TRUCASB128F428450E,TRXGNWT128F42483F1
TRQUAPN128F934366C,,TRVBPTT128F931F7DA,TRUHYCZ128F145A9FD
TRVRHNH128F4215D5D,,TRIWOSM128E078910D,TRJNNHD128F428A73A
TREPGCE128E0791C5D,,TRVKUKG12903CB683F,TRUCGAR128F4281A19
TRTLSLB12903CFF7B2,,TREMZVV128F92EFAE9,TRWDTJV128F92D25BD
TRUHOOQ128E079251E,,TRDWUCZ128F92F8275,TRKLXON128F931D51A
TRFUHHY128F422D9F3,,TRHIIOU12903CC4F8A,TRMOHUN128F424DEE6
TRSYIRD128F1486E00,,TRGQDTX128F42359E2,TRYBQVO128F145BB76
,,TRTVWFG12903CBEF43,TRVHLBC12903D07070
,,TRPEUZE128F42A24DC,TRZOZGX128F935FFDC
,,TRTHPTJ12903CD49A8,TRKJUDO128F428B26F
,,TRKAMJZ12903CFD9EF,TRBBBJX128F9324B48
,,TRMTLUL128F423EAC1,TRCBHYP128F42387BC
,,TRMJPZG128F428831B,TRKXOAK128F92EB3D6
,,TRPOYTD128F92D4D2C,TRMQOOS128F9328CCE
,,TRCQPXU128E0789ADD,TRJQUQE128F425A9DC
,,TRGHBCA12903CB24D8,TRRBJHV128F148B31E
,,TRADDIB128F426AEE1,TRWRFOS128EF3615E6
,,TRRPAKU128EF34ED22,TROHTRL128F92FA132
,,TRTJBQN128F42579CE,TRZLCQC12903CB59E7
,,TRDMSGE128F4265F39,TRTXQGV128F145E247
,,TRRZYMU128F932453A,TRYRHVY128F42444AE
,,TRFZSPC12903CD34D8,TRAJMZL12903CA4807
,,TRNGWUO128E0781496,TRFEVPV128F92EB3CB
,,TRWTVEM128F424F02C,TRSIUKA128F4270F4A
,,TRTDWYI128F425C17C,TRWZIVR128F93134FB
,,TRHTPVR128F92FC191,TRQGVYH128F148614B
,,TRRHFFU128F4291195,TRTAZRT128E0788D9C
,,TRINVOO128F4242EB8,TRANCXV128F93443ED
,,TRXNWEC128F425A528,TRLBALD128F428B320
,,TRFENVD128EF343A17,TRIABHT128F4284C34
,,TRNLTIH128F9326185,TRYATGQ128F4261F15
,,TRLHSKI128F428F5D9,TRXJTPO128F92EA895
,,TRPBJNI128F429B5AC,TRJNAVN128F42AF7E7
,,TRPKTZF12903CCF77A,TRHQOWS128F1467F00
,,TRINKOD12903CDD44F,TRTOHFD128F423B288
,,TRHHQYW12903CB040E,TRRLANG128F146A99A
,,TRJHSKL128F92E4EC7,TRAWNYM12903CB266B
,,TRFDPNX12903CD757B,TRSFFLR128F92E67F6
,,TRIFOQT128F92D2826,TRQAXPE128F92F68A1
,,TRVYFXP128F147ED94,TREYZIY128F14782FB
,,TRILHKZ128F9340B2C,TRHEHNE128F4284731
,,TRBKZDY128F4243F02,TRRMOUK128F4281975
,,TRTTFOY128F4229EBF,TRIOSWS12903CDB2FE
,,TRMJFFQ128F4286CF3,TRCBNGF128F42935A9
,,TRSPFEK12903CF2A99,TRTHUAO12903CDFC39
,,TRJHIEV128F934B72E,TRVKFZY128F423BA95
,,TRDTNHE128F92F74A2,TRZVONE128F148A5AB
,,TRVPVIW12903D06A8F,TRAPFMC12903CE3D4E
,,TRJPYRO12903CE8278,TRJXUBJ128F92CC8F1
,,TRSGJWY128F426CF83,TRJFFMT128F427F03E
,,TRGJBOF128F92F1D24,TRWIIZX128F931550E
,,TRVUWQR128F4253CD4,TRZBTQL128F92F9684
,,TRCODUU128F147325E,TRDTFKF128F4260BAB
,,TRBEIWT128F92DD861,TRDUYIU128F4247A36
,,TRMIMEL128F9326FEB,TRSIIJH128F92C490E
,,TRZFJJA12903CB3B11,TRGHWWW128F14A2CE9
,,TRNTJZJ128F92FA837,TRWZJEM128F93501BF
,,TRJNUHC12903CCFB44,TREFGUK128E0785042
,,TRYKNGV12903CDE414,TROPRGA128F92F2DB9
,,TRPODOZ12903CBFE7C,TRTSCLM128F92FD043
,,TRPOFJX128F42579C6,TRNYACI12903CDFD7A
,,TRGNBWU128F92D1D0F,TRJPEZW12903CE685B
,,TRBZPIZ128F934295D,TRARLDD128F425E216
,,TRIFORT128F147B71D,TRNSZOC128F425224E
,,TRIXBKF128F425DAA5,TRDJSRG128F4218DBB
,,TRMAVOD128F934BEF0,TRPLVIK128F92F9A31
,,TRNZVPH12903D0CB81,TRPXGMF12903CF6A62
,,TRBOART128F9312A47,TRTKNNK128F424316C
,,TRHSMHN128F1475784,TRKHGDF12903D004FD
,,TRFGNXX128F934DE40,TRILBSN128F427A1B0
,,TRYBATQ12903CDD452,TRKREDF128F4295211
,,TRCNYLO128E078B0E3,TRWMQGU128F92FD45F
,,TRXSLEN128F427F13B,TRAVADK128F425CBDD
,,TRYGRCQ128F931BD4D,TRELZPQ128F146C6D1
,,TRYBZIR128F42675F6,TRFSLOX128F422ADA9
,,TRSAEJZ12903CBD7CF,TROALXN128E078E051
,,TRWNSHP128F42424E8,TRSZYQU128F92F8C55
,,TRWEUGX12903CCB978,TRYILFS128F14853A9
,,TREVCOD128F42B91B3,TRSGYFB128F92ECDB4
,,TRHBMXA128F92F26D8,TRKGFZD128F428C976
,,TRPBVYS128F4232511,TRQOGOO128F92FD042
,,TROMSET12903CB06B4,TRGVQEV12903D08354
,,TRERGPX128F4277BD6,TRAEMUM128F92F53E9
,,TRXNHQT128F9326103,TRUIQUY128F4238DDF
,,TRPQYVE128F4228473,TRPNODS12903CB30D1
,,TRBEIVC128F9320E95,TRAIPTW128F4299F05
,,TRRYUYR128F426E8B3,TRKUPGN128F4231269
,,TRWURAA128F42A79E3,TRSRGZX12903CBB8B9
,,TRSWLNF128F42791C3,TRVDDWB128F4297A02
,,TRZQLQF128EF34DA8E,TRDYBPE128EF352362
,,TRZIUEY128F14557F5,TRFEEAY128F4263FF5
,,TRNQECS128F92F16A2,TRSOSYR128F429A582
,,TRVSUOX128F14A2B5F,TROPENF128F429FE9D
,,TRFXDGU128F4282592,TRXEBDH128F42493E7
,,TRDVEII128F92D9EEF,TRGTRJT128F148BF97
,,TRVRFJM128F42666C7,TRSFCIY128EF35A038
,,TRZEXIR128F92F2783,TRZTCQC128F1458ABE
,,TRCVJUP128F92E7A25,TRBBMIL128F424305E
,,TRPBWSB128F427B15A,TRFKEBC128F92CA33E
,,TRHEJJP128F14984D3,TRPWBMK12903CE5FAB
,,TRPPWSQ12903CAF94C,TRNTBHK128F92F9A30
,,TRZFJWS12903CA1FD3,TRVQMPB12903CDED93
,,TRHDYGG128F92DE1F1,TRHYOPY128F93344E9
,,TRKFNQY12903CA7AF6,TRTZEVW128F146430D
,,TRUVFNO128F1467386,TROTXEV128F934984E
,,TRGRRPY128F92DD84D,TRFVCJL128F425FDA9
,,TRLMIBP128F9339D78,TRFNMXD128F42622B0
,,TRKIOFZ128F92CC495,TRAQLVQ128F9349DB0
,,TRKWWVV128F425A2E9,TRPYOSW128F92CA33F
,,TRLRLJU128F92D51D8,TRZMMGA128F1485FC9
,,TRCFVCF128F9313131,TRTKKCV128F426A7DA
,,TRSMCMT12903CEEFC9,TRWQUHK128F428B569
,,TRTJHOU128F9338CB1,TREFHRC128F9305D9F
,,TRXMJBL128F1497D7C,TRSGTVS128E0793C7D
,,TRGYKFE12903CBFC5D,TRIKVSI128E078D454
,,TRGNFVE128F9334751,TRVLBYC128F4263805
,,TRUYYHU128F425A573,TRFYXOM128F42606C1
,,TRIWEIC128F9327F04,TRDDJYN12903D021EC
,,TRYBXSA128F92E3B92,TRSSQFQ12903CD5FCA
,,TRLNWTH128F42AB65F,TRBGCQP128F92E36CB
,,TRIJUVU128F92E71A3,TRHIJVL128F92ED57F
,,TROQRGW128E0786372,TRBBPMB128F9302E4F
,,TRMNXRN128F92E3105,TRPEOXS128F42A7FBF
,,TRLQHHL128F428F1EE,TRPIFTH128F42634A0
,,TRSUQSV128F4262701,TRIJXAB128EF3409A1
,,TRVQXYV128F1456E2C,TRFFRQK128F14B06BC
,,TRCDMUU128F9303623,TRIHJAR128F42494D6
,,TRXEWBT128F42A8D7C,TRORLUM128F4259D09
,,TRZTMVB128F92D4E11,TRKZJFL128F429B320
,,TRVFPCT128F42741AD,TRATNXL128F933B9C9
,,TRSIJRH128F930002E,TRUHIAO12903CF2A83
,,TRUVSYP128F1467BBE,TRLUXHW12903CBD466
,,TRHQWET128F9343433,TRFILJB128F92EEECC
,,TRRXWIS12903D00B1C,TRKFHVR128F931AF8B
,,TRMRFFP128F92D7F26,TRESDBN128F4264610
,,TRJBUQO128F1452ACD,TRQCTUQ128F92F27E3
,,TRKFFGF128F933896B,TRWXXGG128F1459E8D
,,TRKNSLK12903D02EA7,TRZLCTY128F149DB33
,,TROUPZK128F4270F3A,TRETRPR12903CBD465
,,TRIZAOQ128F1479ED8,TRLZFAE128F42655DC
,,TRFGISM128F42973FE,TRAOIQJ128F4289A7B
,,TRXHWXN12903CF2AB3,TRPOQYO128F4282595
,,TRBAOQE12903CE29C1,TRDDQDG128F92C80E2
,,TRTDSTD128F932918C,TRKTPFG128F9317500
,,TRTETOU128F9307BD2,TRGQSAS12903CEB215
,,TRYAQHT128F4244F90,TRTSKXK128F423905F
,,TROYXSP128F9351BA8,TRVRRRZ12903CC022E
,,TRAFETM128F149C4E6,TRCFREX12903C9CC08
,,TROYBCW128F4298E01,TRGGRFC128F4259A91
,,TRBUOCS128F92F690A,TRRUUAO128F42660CD
,,TRAGZTX12903CA07A3,TRLPLQY128F42AD446
,,TREZTYN128F9331109,TRVOYGR128F1482215
,,TRUERWK12903CC2A21,TRGFVQF12903CB5A14
,,TRSQNYP12903CD3090,TRKUWGQ12903CFCCBD
,,TRJHWPB128E078A641,TREXOTR128F92FE113
,,TRSUESL12903CF7179,TRAXZID128F9336E15
,,TRHWFRO128F426633C,TRNSTYW12903CEABC9
,,TRSDQHJ128F933A4AD,TRYDMYQ128F146E4B3
,,TRFAJUP128F931CA43,TRUJKJF128F9327C0D
,,TRCEQKM128F42777E3,TRCJMLC128F930FDF5
,,TRKCTQP128F92D4AA4,TRSVGXI128F930A21D
,,TRWGRNW128F92EC54F,TRMWOEO128F935853C
,,TRNTARR128F428B5A2,TRBVDNP128E078D31E
,,TRXQZXQ128F9301352,TRZHHDL128F425E217
,,TRHAGCH128F42B840E,TRNCXRK128F147EB22
,,TRWBXEU128F92ECA29,TREFGOX128F426B97C
,,TRQTDWQ128F425813E,TRBWSIW128F4287E0C
,,TRBTCYM128F1452582,TRLVBQT128F4243837
,,TRNXFVP128F92F433F,TRVPEJG12903CDB305
,,TRCBQVG128F42A2E75,TRUIOMN128F930AE4A
,,TRWGXAR128F92F8C79,TRVUWKM128F429D4C1
,,TRCUUIB128F428ED54,TRPMMVN12903CC8457
,,TRDLTZS128F92F97DD,TRTGZTL128EF355AA8
,,TRTKJEI128F92F7813,TRCMCDW128F429521A
,,TRRDPJX128F14AF393,TRGLZDH128F92D03D0
,,TRPPNKD128F145907A,TRJJROR128F1496B77
,,TRWEGWV128F1455A58,TRAQRJY128F932B961
,,TRJZKTO128F935870C,TRGDLFL128F4299CA3
,,TRMURZK128F147EC61,TRARYCR128F9355856
,,TRPWXGN12903CA7222,TRWAJIQ12903CF39A3
,,TRCQAAX128F42664DB,TRSYGWK128F93254EE
,,TRSMUAC128F4280FEB,TRIVWJB128F92DF2DA
,,TRILSCF128F428B75D,TRCAEHP128F145D37B
,,TRNXRAW12903CCFF8C,TROJTYG128F9342A83
,,TRIFHKB128F92E2052,TRXRNHS128F14637D9
,,TRYGBPK128F4275666,TRBXCTB12903CA6A39
,,TRMONPU128F4292F25,TRDSRMM128E0798FE5
,,TRQODME128F428E23C,TRELVPH128F92ECA12
,,TRSQPCE12903CC9482,TRVRCWM128F931FA32
,,TRDMCCN128F92DA776,TRBZDPX128F1477655
,,TRXOISH128F4272BF5,TRGMXNC128F92C6A65
,,TRDAXLR128F931ACE3,TRKRAAF128F4296565
,,TRZUYJG128F4278C04,TRGAYUC128F9300572
,,TREBDNA128E07855E3,TRLXIMZ128F426E730
,,TRQQHHK128F92F97E1,TRULQJN128F42818B1
,,TRCSSJK128F427FC39,TRDFLGN128F42576BD
,,TRDTAUZ128F42376B8,TRUBTPD128F931C7DE
,,TRTZGOF128F9300BD7,TRACYZE12903CC1B72
,,TRUDJEG128E0798BFF,TRDPJQB128F145A9FF
,,TRVIJUV128F4243F1C,TRBGYVX128F1471FBC
,,TRQGZXY128F4267693,TRNPEQI12903CCC023
,,TRRDIEM12903CDE08C,TRTYJOW12903CE994C
,,TRNKUYK128F9333DDF,TRVQTLK128F4288098
,,TRBZKRY128F933B77A,TRTYWKL128F14B07A1
,,TRZWTST128F932D6A2,TRSIEBT128E07851D5
,,TRVSJIX128E0789D71,TRDXIMB128F4286E24
,,TRWFFNK128F92EF0A3,TRUKAYO128F427222E
,,TRSIPYU128F427C5FB,TRGBIOW128F92FC542
,,TRLAVTU128F92D104B,TRMJIUW128F931031A
,,TRYRXLN128F14932AB,TRFBWFH128F4277BCB
,,TRXXCIA12903CD4152,TRBFATS128F9319AEB
,,TRYDSDO12903CB25F2,TRSLJUC128F426C9CC
,,TRQBUUW128F427D380,TRNRXCM128F932A4B7
,,TRZMNPI128F1456937,TRETNRC128F429FCF6
,,TRCEHQY128F92F4561,TRXCIKP128F424E446
,,TRCKCMI128F148A1BB,TRXYVUD128F14A3A9C
,,TREQQCJ12903CB24E2,TRAZROU128F933D58D
,,TRMTBQY12903CEDAC4,TRRQLIV128F930D771
,,TRYOPRY128F92CC82B,TRSPIEW128F4263802
,,TRYJSAN128F4251A54,TRVVLDV12903CB62E5
,,TRATFVX128F14A6464,TRBVMXN128F4257F13
,,TRPFZEP128F4282F7C,TRSAJTJ128F4256A1D
,,TRQDZNZ128F423C23B,TRHYQTE128E0788B1F
,,TRLHHNL128F9327EFE,TRGRPYZ128F1489126
,,TRCDPBD128F92E9E4F,TRLXJDZ128F4274074
,,TRIURDE12903CEC19C,TRZXKLX128F1475FEC
,,TROANFZ12903CE897B,TRAYMHT128F92EF28F
,,TRRIHJK128E07924E2,TRTTYTG128F422989D
,,TRETLDF12903CB06B0,TRGKGCF128F4287E12
,,TRHLIMN12903D004D0,TRJSIXX128F42724B5
,,TRITLLQ12903CF59EC,TRPQLTQ128F932222F
,,TRTPZTB128F4292436,TRKKWDV128F1466657
,,TRBMCRO128F42749E0,TRAKTVV128F930A94C
,,TREOCWC128F4223633,TRHARAD128F4261B41
,,TRTNRJS128F92F771D,TRCSUUJ128F4228D70
,,TRKVINF128F4259ED8,TRUQZNM128F930C8BF
,,TRRRYGE128F930D298,TRCICFQ128F92EAF37
,,TRIYARK128F4231A32,TRCMFAF128F9306118
,,TRCZHVF12903D03EE5,TRODHNW128F423EF5A
,,TRQNIQF128F4218FA7,TRKCUME128F92E1F5C
,,TRGFIUI128F42B722C,TRFKFWG12903CC8450
,,TRPCPRY128F42819DB,TRXFFIC128F1466439
,,TRHDWBM128F426260C,TRDZQNZ128EF353A11
,,TRHHVAG128F4236513,TRESGJZ128F92F8C18
,,TRPETNT128F422EFC7,TRGIFPF128F9325E85
,,TRMRTEC128F425AD84,TRXZGIO128F4277BD1
,,TRRKWGQ128F9320F14,TRCTMLP128F9323EE3
,,TRFDNPN12903CB0B20,TRAOOEF12903CCC1C0
,,TRAFEZC128F933697E,TRHBNDO12903CDEF2E
,,TRQRRSB128F92EC1FF,TRAAQVX128F14958EB
,,TRBHCSV12903CFCC54,TRXWDZT128F4216C1D
,,TRUNKNC128F92D1DA6,TRYHIJV128F933575B
,,TRSVXHI128F4280D62,TRUHUES128F149042F
,,TRJJWPD128F42B7714,TRZMMFJ128F4226257
,,TRFYFGB12903CF2AA0,TRHAZHF128F931E8BB
,,TRDMFQT128F93363C2,TRAKUAM128F147872F
,,TRCIHFD128F9314E11,TRIJPEI128F428B4DE
,,TRUDYVR12903CCE758,TRAZUZS128F4242F76
,,TRNXCRI128F427D793,TRMTTQI128F425B115
,,TRDHXRO128F9312C18,TRQJOCW128F4295475
,,TRZTXII128F1465000,TRNSOKK128F9300E4E
,,TRPYJJC12903CFD9F6,TROCQUP128F423480A
,,TRNUVVX128F42ACB4D,TRBHAHI128E0786447
,,TRCEWXR128F426334D,TRFYRSB128F147D562
,,TROEZIN128F423EB04,TRPXFHZ128F932D4C5
,,TRXIDWM128F92F9E66,TRREYHI128F423E596
,,TRATLZE128F1499598,TRIAWYP128EF34ED26
,,TROTZQQ128F421E528,TRPNUEJ12903CDE1FB
,,TRMKOAF128F427EEBC,TRGUFYN128F92F13C6
,,TRBWHMY128F421F4B2,TRYRCXJ128F421A402
,,TRIGWII128F42ACC22,TRCNLXP128F932CCBC
,,TRYGHTQ128F933895F,TRYZUIF128F1451991
,,TRARDVC128F4271EE3,TRPECZA128F92F2232
,,TRWFILN128F423F06D,TRQQYKT128F424EAC1
,,TRIPZBG128F92E6EF1,TRLEIPT128E078487C
,,TRTLJYJ12903CCAD25,TRMKTJO128F92D3232
,,TRIGOBM128F930920B,TRIBNWF128F424B93E
,,TRWIEZE128F933024E,TRTIIUA128F932943B
,,TRHLZVE128F92E61C1,TRJPPRD128F4281AC4
,,TRRVICD128F42AAA77,TRBTDXG128F92EB172
,,TROENPT128EF3686B0,TRPRIHG128F9335D9A
,,TRCXCNG128F42423E0,TRIDXAK128F4262CCC
,,TRODJCF128F9339A09,TRXVPGB12903C9B4C1
,,TRJBHXE128E078F81B,TRIBCXZ128F9333442
,,TRJVULB12903CDD2A3,TRFYOSB12903CE6E3D
,,TROUYXC128EF33DF62,TRNZPKF128F92EA2BD
,,TROQQTQ12903CAF6FB,TRKNEEZ128F422ADA7
,,TRJZLVP12903CAEFF7,TRLSLWP12903CBE580
,,TRSONBB128F92FD367,TRWAFAN128EF33FB79
,,TRHUEMT128F42246F9,TRBGIDZ128F4273CDE
,,TREJLXE128F932A17B,TRCGDCE128F9329370
,,TRPAUNY128F93271D7,TRKQHVR128F930702C
,,TRJQEVM128F42557B9,TRWUHFN128F42A9FBF
,,TRICKIT128F92E7E03,TRVJCQT128F1480C25
,,TRTYEVS128F14AE1F1,TRIUQTI128F9347AF1
,,TRTLUYI12903CFCFED,TRQKFYZ128F92F81E2
,,TRYSFDZ128F92CB35C,TRWVRQN12903D0B015
,,TRCPIZP128F93221A5,TRRBHMG128EF33F522
,,TRZBUAI128F148A302,TRPCBPF128F93222E4
,,TRHKSPX128F422A39E,TRHHOWL128F92F9A3B
,,TRZJNAU128F428D7B5,TRCOFME128F92F9C68
,,TRQHIFD128F930FB2F,TRVXRCO128F92FE150
,,TRAQEOP12903CA65E2,TRHJBKY128F4296DC8
,,TRDNRPM12903CFC916,TRADDQD128F931CE40
,,TRNINCZ128F4289CA9,TRZEWSY128F92F75D9
,,TRXHINV128F92D5889,
,,TRWPERS12903CF7431,
,,TROJEXI128F4293082,
,,TRATAXN128F4267A14,
,,TRLXJKA128F14AD1F7,
,,TREXRGD128F9336E4B,
,,TRRDAMS128E0785DD3,
,,TRMQASB128F1498B32,
,,TRPGWUF128F429F716,
,,TRGSBTC128F42A6F4D,
,,TRSVRRI128F9339A0B,
,,TRBRDIQ128F14557AE,
,,TRRCIYO128F92DF313,
,,TRLQHQD128F42AFD81,
,,TREZNRC12903CA799A,
,,TRYZVBV128F427FCC4,
,,TRYGJZS128F148640C,
,,TREKQXM128F427242C,
,,TRLNWDX128F428D214,
,,TRJHRGY128F9327A83,
,,TRXYNKZ128F425941A,
,,TRECSYU128F423C6B7,
,,TRLZCWC128F146D709,
,,TRAPVRU128F9302300,
,,TRYNQFA128F92D644D,
,,TRLHAEY12903CD87DC,
,,TRDXMCF128F9316AE9,
,,TRTJWEQ128F422BC72,
,,TRISNTB12903CE4418,
,,TRXVWVL128F429AF64,
,,TRGVDPX128EF36746A,
,,TRGCGCM128F931EBD5,
,,TRUTVEQ128F9339D74,
,,TRTAWLA128F4227D73,
,,TRWMIQV128E0785B38,
,,TRBMJAI12903CF2AB1,
,,TRLVDBE128F92D13FB,
,,TRRKBDT128F4281BF2,
,,TRWCRXE128F930C641,
,,TRJJJIH128F92E1423,
,,TREUWDM128F92DF46F,
,,TRMJEGT128F429E9EE,
,,TRQEQHH12903CA6CE5,
,,TRUGQLY12903CD309D,
,,TRTVJIH128F146B38E,
,,TRMZWWJ128F42633D4,
,,TRPUOCP128F92DF504,
,,TRHBQLE128F93438E4,
,,TRJIDEO128F93101B0,
,,TRDPNYW128E078F156,
,,TRATKIX12903D02EB1,
,,TRGGYEO12903CF053A,
,,TRLOHQV128F92F712F,
,,TRVUPEU128F933C682,
,,TRLDCGV128F14762C8,
,,TRJEMMH128F146BD9B,
,,TRHYDSI128F426BE45,
,,TRHJBHT12903CCC772,
,,TRGDHHK128F428652C,
,,TRGLXUG128F4291190,
,,TRUGOJE128F422B48A,
,,TRUEECL128F145A890,
,,TRQLXKA128F931C47B,
,,TRAJMDJ128F9311082,
,,TREOJVU128F146B83C,
,,TRVIVRC128F422AA11,
,,TRFOUGR128F424E2A6,
,,TRLQWCV12903CE897A,
,,TRGMBWZ128F422BB8C,
,,TRMCTLG128F1495C33,
,,TRRXAAK128F92DFCFC,
,,TRICPVI128F427F288,
,,TRXJECY128F42A79C6,
,,TRKAKOK128F429DCD8,
,,TRNELHX128F42B1A88,
,,TRLNCOC128EF342E0B,
,,TRSTXTL12903CB02FE,
,,TRYUDGQ128F426934F,
,,TRDBGEP12903CF2A96,
,,TROTGVT12903CADEB7,
,,TRSYSSI12903CB3588,
,,TRKREDF128F4295211,
,,TRGCACB128F149E568,
,,TRXZJXM128F9337BC6,
,,TRRXCCR12903CA611D,
,,TRNTODZ128F930CFCC,
,,TRCROKH128F424C9EF,
,,TRRRASU12903CFFAE9,
,,TRJFLFV128F42B77D5,
,,TRGAGLB128F424AE54,
,,TRKVLDE128F4291196,
,,TRDMGOW128F92DF2F9,
,,TRTPHHU128F9336C0A,
,,TRESLCT12903CD4163,
,,TRXLDHQ128F92EEECF,
,,TREXDDS128F4277776,
,,TRRXQNH128F428F614,
,,TRIRRZI128F424CBE2,
,,TRPZZIZ128F9325493,
,,TRBTYVY128F92F012A,
,,TRLNYJU128F4263643,
,,TRAKHXX128E07877EB,
,,TRLTVXF128F933F4BD,
,,TRNPTZR128F42775AC,
,,TRFVQLT128F1486089,
,,TRNDVFP128F9345A48,
,,TRIWKIM128F42376BA,
,,TRGNACU128F423D1B0,
,,TRYOQNH128F92ECA11,
,,TREKUPV128F4263B15,
,,TRBKIQK128F428743F,
,,TRGFAPO128F423EAD8,
,,TRBXQVZ128F93099BB,
,,TRKUTRO12903CAFD99,
,,TRSGCYR128E078487D,
,,TRYCUWT128F42A0C54,
,,TRNYJAW128F4259CDC,
,,TRYUBWQ128F92FD761,
,,TRLYVER128F92E1995,
,,TRXCKUS128F4262BC5,
,,TRUUFOC128F92F8124,
,,TRQCJDW128F426C67E,
,,TRHJTGU128F42636FB,
,,TRAGCHJ128F42686B7,
,,TRAYCSU12903CF0538,
,,TRULAJC128F92E4CB0,
,,TRNUFSN128F9315329,
,,TRDDUZL128F4233D54,
,,TRDOCIV128F4273B3E,
,,TRTKNOS12903CD5DEB,
,,TREAGYH12903CF7195,
,,TROGBCI128F424BF91,
,,TREHHYN128F4227CCE,
,,TRQYENN128F930F9CB,
,,TRJJMJI128F92FB0D1,
,,TRPPSZZ12903CEA10C,
,,TRLTZIR128F4285D86,
,,TRAGMWF128F42625AC,
,,TRFBNHI128F9329C05,
,,TRLKIIF128F426DFD7,
,,TRYHEGR128F92EBD9B,
,,TRAQFWF128F428D626,
,,TRWMWJH12903CDDA9C,
,,TREKGBL128F429CBE4,
,,TREFPLK128E07958F9,
,,TRKASOX128F92EBE24,
,,TRECOSV128F4263703,
,,TRDIYUR128E078B86C,
,,TRBFMPZ128F1472A2B,
,,TRRAIJZ128F4289264,
,,TRDHTUY128E07933C3,
,,TRXMWBL128F42AC31D,
,,TROFQQN128F4288376,
,,TRALMRC12903CE0470,
,,TRGVFOE128F93054E2,
,,TREZUFR128F4265A96,
,,TRETRPR12903CBD465,
,,TRPOQYO128F4282595,
,,TRGPXVO128F42549D5,
,,TRGQSAS12903CEB215,
,,TRBCJHB128F92C2B90,
,,TRVTRDY128F92E2644,
,,TREDEDI128F42298A3,
,,TRPGTVL12903CAA44B,
,,TRIMWTC128F4241B98,
,,TRLVDZG128F93015DD,
,,TRLSGMU12903CB5C31,
,,TRWOWFH128F4291191,
,,TRBVNAD12903D1053A,
,,TRSQJMH128F1486415,
,,TRDSKOB128F42AD608,
,,TRNGXVG128F4295232,
,,TRVYCBT12903CA07AC,
,,TRECJTR128F93333F0,
,,TRQGPHQ128F92D0664,
,,TRFXYLN12903CC58CD,
,,TRSWOYQ12903CD5DEE,
,,TRMQOYN128F14AC24C,
,,TRRUYQX128F421B74F,
,,TRDTYTR128F146CA02,
,,TRLOHXX12903CD4155,
,,TRJMEUS128F1458975,
,,TRLUUHP128F42A79B7,
,,TRXKVSV128F147A597,
,,TROUDOW128E078902D,
,,TRRODNC128F92F895A,
,,TREYUMM128F423F39E,
,,TRZNXIL128F42AD3DA,
,,TRNIPEZ128F14ADCA4,
,,TRAPFRM128F9344501,
,,TRSFOST128F9336B88,
,,TRJXZGI128F14AA17F,
,,TRADKYE128F42A0798,
,,TRDUFFD12903D10497,
,,TRQOYHZ12903CE281E,
,,TRYDIDE12903CB5A57,
,,TRIXWUC128F932BC97,
,,TRMWOXA128F425DECF,
,,TRCTSXC128F932CA4E,
,,TROMVTW12903CD9D04,
,,TRGGRAU128F4230CEE,
,,TRGCFRW128F427C9E9,
,,TRRZEZP12903CF5E21,
,,TRBWYKR128F92D4E19,
,,TRLRAXI128F92E5A69,
,,TROJYKD12903CCD8C4,
,,TRCRHJD128F9329D58,
,,TRACLQI128F92F8149,
,,TRCNQWB128F422DD4F,
,,TRIKWZF128F428831C,
,,TRDSFWD128F92E2B67,
,,TRJTIFE128E079353C,
,,TRIXQIZ128F92F714C,
,,TRFKKEK128F42921D7,
,,TROUOWP12903CA899A,
,,TRGZSCL128F1472A30,
,,TRAYTGP12903C95D1C,
,,TRBLKMA12903D01759,
,,TRLNPBV12903CF053E,
,,TRMSEXJ128F1491933,
,,TRVWLEX12903CBBF29,
,,TRQCNWB128F42A79D7,
,,TRBGYVX128F1471FBC,
,,TRGHBCB128F933A1A9,
,,TRHHVIR128F4260354,
,,TRZBLFU128F931FB01,
,,TRUPBTP128F148607A,
,,TRLOFLR128F14A919C,
,,TRMYCMP128F426BB12,
,,TRCEDJU128F4243F13,
,,TRGGXAY128F9365F80,
,,TREGRFK128F14B042B,
,,TRTCDPV128F92FD9F9,
,,TRVAJPE128F4263C2D,
,,TRBFJKU12903CEDB0C,
,,TRKEEWA128F42579CF,
,,TRHQKQS12903CD9468,
,,TRKKBWB128F933631A,
,,TRGLLNU128F4248444,
,,TRDURVI128F14AC9FA,
,,TRSFDWD128F423BF84,
,,TRWETZF128F425099D,
,,TRKDXZN128F4239FB0,
,,TRTITHG128F4260F76,
,,TRUUVLI128F42BA398,
,,TRMXFMI128F428DA6C,
,,TRSIGXC128F42310B3,
,,TRVFJRH128F9312E41,
,,TREOJYU12903CECC4F,
,,TRQBUTO12903CFEB4A,
,,TREEOFI128F9314ABA,
,,TRWYMFD128F4213C20,
,,TRFOEKT128F9334149,
,,TRXEUIT128F42704F7,
,,TRUJSHH128F4296D5E,
,,TRPLYQQ128F92ECB8F,
,,TRKSOWC12903CC5476,
,,TRNTKKH128F92F63EA,
,,TRFADDW12903CB0366,
,,TRHQKVQ128F4272D1A,
,,TRDRMOY128F148B31A,
,,TRGKIBS128F424A7D7,
,,TROIMCR128F148DED3,
,,TRTAEGX128F42466E9,
,,TRGLOAD12903CD509E,
,,TRYDQKX128F9336AB3,
,,TRVIFFW128F9303F06,
,,TRELQDQ128F9330A62,
,,TRLVEGQ12903D0BCA0,
,,TRNJOIT128F9307D1D,
,,TRBWZBB128F92E7A1F,
,,TRFOMQF128F9328632,
,,TRJHIPG12903CA07AB,
,,TRPUIVE128F92ECADC,
,,TRZCMWJ128F92F3DC2,
,,TRARJSH128F146EF62,
,,TRVAREG12903CF2A9B,
,,TREMAYX128F1489862,
,,TRNYMFQ128F92FC007,
,,TRHKTTT128E07850A0,
,,TREBWGY128F932212A,
,,TRVGCPD12903CB594B,
,,TRRMALE128F931ACD8,
,,TRTIRGQ128F4263B33,
,,TRCUXGY128F428B937,
,,TRBGRAN128F9339A1B,
,,TRGBNPQ128F422F017,
,,TRBMZBP12903CD60D0,
,,TRFMGIO128F42591F0,
,,TRGFXYJ128F92FE6A3,
,,TRSXECY128F930F9CC,
,,TRSKELA128F422DD47,
,,TRXZWFC128F428062D,
,,TRTOKTU12903D12B8A,
,,TRCTPJH128F4271C27,
,,TRXHNJR128F92F6FF8,
,,TRHXEOL128F421ED9F,
,,TRASRMP128F42634E9,
,,TRLBIKH128F428BB68,
,,TRNAQXZ12903CC2F73,
,,TRIAWYP128EF34ED26,
,,TRZVVXA128F931C95C,
,,TRICJDK12903CBB788,
,,TROSLLB128F9325CB3,
,,TRKDHFP128F1476566,
,,TRYOBLQ128F92FDA8A,
,,TRLEIPT128E078487C,
,,TRTLIKT128F4279275,
,,TRTLOLX12903CFDF45,
,,TRIAAZE128F4245013,
,,TRHKZGP128F4250CFA,
,,TRLQBPZ12903CBF36B,
,,TRDBFBQ128F4287A6B,
,,TRAYLBZ128F92F5090,
,,TREUHFJ128F933CDB6,
,,TRHADRJ128F148D0D0,
,,TRBGIGM128F42582B4,
,,TRVCCMF128F429E9FB,
,,TRWTISR128F92D8D39,
,,TRQFNEV128F92FA86A,
,,TRVYEAY128F427D47E,
,,TRSTNDY128F42A8885,
,,TRNREXB12903CDA63B,
,,TRKICCY128F42A01E1,
,,TRZYVFF128F424E0A6,
,,TREOCBR128F426B511,
,,TRBQACS128F42246F4,
,,TRPFSEG128F146436B,
,,TRFSRIQ128F14ACD7D,
,,TRVYFQH128F427D9C0,
,,TRZTREP128F148AF29,
,,TRZMOBL128F93044EE,
,,TRWXUFL128F428831A,
,,TRSWYFZ128F42579D0,
,,TRZTIFP128E0791078,
,,TRCMWWM128F427EEBE,
,,TRXNXQR128F4237E1D,
,,TRVXERU12903CCAD28,
,,TRPZHHW128F4262DB9,
,,TRTRGDT128F9315523,
,,TRMYPIQ128F428E088,
,,TRHEWHK128F9309213,
,,TRUNAZO128F42664CF,
,,TRVEHLB12903C95661,
,,TRNCELC128F92E6578,
,,TRRRWOB128F4279186,
,,TRIPUXS128F42B7715,
,,TRIMDRD128F4226632,
,,TRTQMSO128F42A488D,
,,TRUWWKF12903CD34A3,
,,TRSNGZP128F92FA455,
,,TRLQQEI128F4270996,
,,TRLMFVI128F4281921,
,,TROZGVB128F9301F89,
